name,player_type,steam_id,reason,banned_time,release,complaint_times,register_days,playing_hours,best_weapon,best_weapon_heatshot,best_map
XXXFangtasia,None,76561199017173003,作弊封禁,2020-03-12,Inf,13,None,None,AK47,0.26,mirage
伪善๑`н´๑,None,76561199028234104,作弊封禁,2020-03-12,Inf,0,None,None,None,None,None
yaxinCSgo,None,76561199030118165,作弊封禁,2020-03-12,Inf,0,None,None,None,None,None
dada2020,None,76561199031169848,作弊封禁,2020-03-12,Inf,2,None,None,M4A4,0.75,None
年轻人.douyutvcw666,None,76561198984175651,作弊封禁,2020-03-12,Inf,2,None,None,None,None,None
电脑玩家白给贼6,None,76561199031648512,作弊封禁,2020-03-12,Inf,0,None,None,AWP,0.00,None
冷·眸,Vip,76561199027211905,作弊封禁,2020-03-12,Inf,9,None,None,AWP,0.08,mirage
SeanKes,Vip,76561198965008559,作弊封禁,2020-03-12,Inf,5,None,None,AK47,0.29,mirage
韭菜大哥,Vip,76561198167642621,作弊封禁,2020-03-12,Inf,2,None,None,None,None,None
不常规大师guoguo,None,76561198827672683,作弊封禁,2020-03-12,Inf,3,None,None,None,None,None
扛着大狙向前冲,Vip,76561199023038623,作弊封禁,2020-03-12,Inf,6,None,None,AK47,0.58,None
奇怪的奶泡,None,76561199031465438,作弊封禁,2020-03-12,Inf,3,None,None,None,None,None
刘飘,None,76561199028678228,作弊封禁,2020-03-12,Inf,1,None,None,None,None,None
炸鱼123987,None,76561199031650574,作弊封禁,2020-03-12,Inf,7,None,None,None,None,None
安图恩爆殺弗曼,None,76561199013259517,作弊封禁,2020-03-12,Inf,1,None,None,None,None,None
都给我闭嘴-,None,76561199030967153,作弊封禁,2020-03-12,Inf,4,None,None,AK47,0.72,None
嫌疑人-97,None,76561199032826664,作弊封禁,2020-03-12,Inf,0,None,None,None,None,None
是吧啊sir,None,76561199030705008,作弊封禁,2020-03-12,Inf,5,None,None,None,None,None
还真就一枪头呗,None,76561199030867710,作弊封禁,2020-03-12,Inf,1,None,None,AK47,0.15,None
忘忧sama,None,76561198969168913,作弊封禁,2020-03-12,Inf,0,None,None,None,None,None
打他个肚皮长天,None,76561199030966299,作弊封禁,2020-03-12,Inf,3,None,None,None,None,None
-xIaoZHang,Svip,76561198807830513,作弊封禁,2020-03-12,Inf,37,274,163,None,None,None
553の人柱力,Svip,76561198255777078,作弊封禁,2020-03-12,Inf,25,125,142,None,None,None
我起了又四枪秒了,None,76561199029807860,作弊封禁,2020-03-12,Inf,53,None,None,AK47,0.74,inferno
电脑玩家Jima,None,76561199025602332,作弊封禁,2020-03-12,Inf,5,None,None,None,None,None
你的号我拿去开了,None,76561199032675775,作弊封禁,2020-03-12,Inf,1,None,None,None,None,None
aka小虎857,None,76561198452833949,作弊封禁,2020-03-12,Inf,4,None,None,None,None,None
w1730316180.,None,76561199023764186,作弊封禁,2020-03-12,Inf,3,None,None,None,None,None
Frisk-_-,None,76561198406772313,作弊封禁,2020-03-12,Inf,1,None,None,None,None,None
电脑玩家爱琪,None,76561198126445373,作弊封禁,2020-03-12,Inf,0,None,None,None,None,None
天宇你怕吗,None,76561199007781754,作弊封禁,2020-03-12,Inf,40,None,None,AK47,0.43,mirage
无敌大王薛九斤,None,76561198421141901,作弊封禁,2020-03-12,Inf,33,None,None,AK47,0.41,inferno
iobnzm_nd,None,76561199024132649,作弊封禁,2020-03-12,Inf,46,None,None,AWP,0.13,inferno
IllIlIlIIIllllIIIlllIIIl,None,76561199030195224,破坏游戏秩序,2020-03-12,2020-03-19,20,None,11,AK47,0.33,None
古鱼,None,76561198437089529,作弊封禁,2020-03-12,Inf,4,None,None,P90,0.33,dust2
Zierrain,None,76561199029109101,作弊封禁,2020-03-12,Inf,2,None,None,AK47,0.63,None
xhhpf0108,None,76561198830815540,作弊封禁,2020-03-12,Inf,9,None,None,AK47,0.51,mirage
丄天十连跪,Svip,76561198447815171,作弊封禁,2020-03-12,Inf,9,44,71,None,None,None
Autism222,None,76561199031294497,作弊封禁,2020-03-12,Inf,1,None,None,SG 553,0.42,None
XoPk0x,None,76561199026756059,作弊封禁,2020-03-12,Inf,30,None,None,Bizon,0.31,None
1162828940,None,76561198112093897,作弊封禁,2020-03-12,Inf,5,None,None,AWP,0.09,None
Neymarchen,None,76561198998826315,作弊封禁,2020-03-12,Inf,0,None,None,None,None,None
※蜻蜓队长,None,76561199030221113,作弊封禁,2020-03-12,Inf,18,None,None,M4A4,0.54,None
Kennys;;,None,76561199032316229,作弊封禁,2020-03-12,Inf,6,None,None,AK47,0.87,None
要狙就得大点声,None,76561199030424990,作弊封禁,2020-03-12,Inf,2,None,None,AK47,0.26,None
Parade-DX,Svip,76561199028867097,作弊封禁,2020-03-12,Inf,19,18,53,None,None,None
云岩第一狙击手,Svip,76561198842868189,作弊封禁,2020-03-12,Inf,9,511,375,None,None,None
mao7637,None,76561199033096096,作弊封禁,2020-03-12,Inf,1,None,None,None,None,None
嫌疑人-98,None,76561199032966741,作弊封禁,2020-03-12,Inf,1,None,None,None,None,None
爱的我,Vip,76561198310443772,作弊封禁,2020-03-12,Inf,2,None,None,None,None,None
faqodez0864235,None,76561199026446937,作弊封禁,2020-03-12,Inf,8,None,None,SG 553,0.41,inferno
比奇堡扛把子,None,76561199025852506,作弊封禁,2020-03-12,Inf,26,None,None,AWP,0.08,inferno
PIEH,None,76561198384026734,作弊封禁,2020-03-12,Inf,4,None,None,Galil,0.32,dust2
做人要实诚,None,76561199031224707,破坏游戏秩序,2020-03-12,2020-04-12,22,None,5,AK47,0.63,None
tosupreme,None,76561199026582773,作弊封禁,2020-03-12,Inf,16,None,None,SG 553,0.73,None
yanlaoban666,None,76561198414258245,作弊封禁,2020-03-12,Inf,4,None,None,AK47,0.37,dust2
刀动人抬走,None,76561198974061324,作弊封禁,2020-03-12,Inf,7,None,None,AK47,0.31,inferno
鹤纷飞,None,76561199027303578,作弊封禁,2020-03-12,Inf,4,None,None,AWP,0.14,None
Bstv4.大二,None,76561199028886871,作弊封禁,2020-03-12,Inf,0,None,None,AK47,0.63,None
upm9ay,None,76561199027330357,作弊封禁,2020-03-12,Inf,11,None,None,AK47,0.55,mirage
我真没开QAQ,None,76561199028809875,作弊封禁,2020-03-12,Inf,15,None,None,AWP,0.12,mirage
未夠合拍,Vip,76561198802810788,破坏游戏秩序,2020-03-12,2020-03-17,43,None,235,AWP,0.07,mirage
2512659483,None,76561199029413643,作弊封禁,2020-03-12,Inf,3,None,None,None,None,None
太乙镇真人,None,76561199026929778,作弊封禁,2020-03-12,Inf,7,None,None,AWP,0.27,None
念念念念♥,None,76561199026978982,作弊封禁,2020-03-12,Inf,14,None,None,XM1014,0.46,dust2
爆头哥本哥,None,76561198969112467,作弊封禁,2020-03-12,Inf,2,None,None,None,None,None
qsrn967032,None,76561199026139431,作弊封禁,2020-03-12,Inf,0,None,None,M4A4,0.44,None
91施先生,Svip,76561198431857923,作弊封禁,2020-03-12,Inf,29,315,77,None,None,None
背闪大师,None,76561199028690085,作弊封禁,2020-03-12,Inf,7,None,None,AK47,0.65,None
vlzo454895,Svip,76561199026185835,作弊封禁,2020-03-12,Inf,9,24,15,None,None,None
小一iii,None,76561199026197764,作弊封禁,2020-03-12,Inf,9,None,None,AK47,0.30,dust2
榴措鹏,None,76561199013959468,作弊封禁,2020-03-12,Inf,19,None,None,AK47,0.56,dust2
就一枪秒了嘛,Vip,76561198299965372,作弊封禁,2020-03-12,Inf,19,None,None,AK47,0.64,None
e1ectr0n1cZz,None,76561199025726425,作弊封禁,2020-03-12,Inf,2,None,None,None,None,None
Cap.LBET,None,76561198316349054,作弊封禁,2020-03-12,Inf,0,None,None,None,None,None
分身大师，么我,None,76561199031388066,作弊封禁,2020-03-12,Inf,1,None,None,AWP,0.19,None
白给少年小钢子,Svip,76561199021786416,作弊封禁,2020-03-12,Inf,15,47,55,None,None,None
AstVAC,None,76561198834335896,作弊封禁,2020-03-12,Inf,0,None,None,AWP,0.34,None
演技好就不吃举报,None,76561199012971969,作弊封禁,2020-03-12,Inf,62,None,None,AK47,0.33,inferno
wdawydgdfgzxc,None,76561199030123817,作弊封禁,2020-03-12,Inf,24,None,None,AK47,0.41,dust2
[GKD]-大蒜,None,76561199022894489,作弊封禁,2020-03-12,Inf,5,None,None,AK47,0.27,mirage
shenxian01,None,76561199026313501,作弊封禁,2020-03-12,Inf,17,None,None,AK47,0.75,None
xsx5200505,Svip,76561199001675462,作弊封禁,2020-03-12,Inf,8,22,0,None,None,None
敢敢不会心动,None,76561198883890894,作弊封禁,2020-03-12,Inf,14,None,None,AWP,0.53,None
俺叫李国庆,None,76561199013096666,作弊封禁,2020-03-12,Inf,3,None,None,None,None,None
KennyS王霸,Svip,76561198998087521,作弊封禁,2020-03-12,Inf,12,89,14,None,None,None
归安·,None,76561198931862865,作弊封禁,2020-03-12,Inf,25,None,None,AK47,0.33,dust2
真就一枪头不演了,None,76561199025549009,作弊封禁,2020-03-12,Inf,5,None,None,SSG08,0.93,None
深海里的酱泥INK,None,76561198342493959,作弊封禁,2020-03-12,Inf,13,None,None,AK47,0.38,inferno
想见你李子维本人,None,76561199012994734,作弊封禁,2020-03-12,Inf,22,None,None,AK47,0.42,None
LieMna,None,76561199031888296,作弊封禁,2020-03-12,Inf,10,None,None,None,None,None
逮到你就笋干缪萨,None,76561198367388812,作弊封禁,2020-03-12,Inf,32,None,None,AK47,0.41,mirage
梦幻乌鸦,None,76561198154161287,作弊封禁,2020-03-12,Inf,41,None,None,AK47,0.51,inferno
快C我躺好了,Vip,76561199029489755,作弊封禁,2020-03-12,Inf,4,None,None,None,None,None
依若云,None,76561199031477556,作弊封禁,2020-03-12,Inf,8,None,None,AK47,0.53,None
空氣對話怪物,None,76561198426261558,作弊封禁,2020-03-12,Inf,1,None,None,AUG,0.22,None
Cyka⚡Blyat,Vip,76561199004187259,作弊封禁,2020-03-12,Inf,38,None,None,AK47,0.43,mirage
安排上了Q,None,76561199029749493,作弊封禁,2020-03-12,Inf,5,None,None,None,None,None
何必要分真假,None,76561199005742557,作弊封禁,2020-03-12,Inf,1,None,None,None,None,None
红颜ミ﹏至尊,Vip,76561199031211746,作弊封禁,2020-03-12,Inf,18,None,None,AWP,0.04,None
卖核弹的小女孩亚,None,76561199016769965,作弊封禁,2020-03-12,Inf,17,None,None,Zeus x27,0.00,mirage
mfnskjskd,None,76561198304031346,作弊封禁,2020-03-12,Inf,6,None,None,AK47,0.27,None
1个么得感情de莽夫,Vip,76561198864697069,作弊封禁,2020-03-12,Inf,23,None,None,AK47,0.45,dust2
✨s1mple✨,Svip,76561199026682299,作弊封禁,2020-03-12,Inf,48,9,24,None,None,None
小羊快上车,Vip,76561199032767492,作弊封禁,2020-03-12,Inf,0,None,None,None,None,None
陳逸泽.,Vip,76561198983427905,作弊封禁,2020-03-12,Inf,7,None,None,AWP,0.09,inferno
孤苦伶仃,Vip,76561199027341824,作弊封禁,2020-03-12,Inf,11,None,None,AWP,0.12,None
牛一瑾,Vip,76561199012875621,作弊封禁,2020-03-12,Inf,45,None,None,AK47,0.39,dust2
Niko﹢,Vip,76561199013043118,作弊封禁,2020-03-12,Inf,7,None,None,AK47,0.21,None
从头再来1MO,None,76561199032186147,作弊封禁,2020-03-12,Inf,1,None,None,AWP,0.14,None
鼓楼区阿雨,Vip,76561199030124394,作弊封禁,2020-03-12,Inf,17,None,None,AK47,0.54,mirage
HongFa,None,76561198858521461,作弊封禁,2020-03-12,Inf,4,None,None,AWP,0.09,None
BiliBili_21449929,Svip,76561199027003845,作弊封禁,2020-03-12,Inf,42,25,101,None,None,None
huo966kan174,Vip,76561199021720252,作弊封禁,2020-03-12,Inf,40,None,None,AK47,0.60,inferno
卫生巾团队,None,76561198915938573,作弊封禁,2020-03-12,Inf,1,None,None,None,None,None
Aline.,None,76561199024666312,作弊封禁,2020-03-12,Inf,9,None,None,None,None,None
AKAZY,Vip,76561199029850916,作弊封禁,2020-03-12,Inf,14,None,None,None,None,None
坤坤砷砷,None,76561199030757841,作弊封禁,2020-03-12,Inf,2,None,None,None,None,None
Doucemeot.,None,76561198358573149,作弊封禁,2020-03-12,Inf,0,None,None,AK47,0.26,None
顶级工具人7,None,76561199029942950,作弊封禁,2020-03-12,Inf,16,None,None,AK47,0.27,None
岗声多谢乌蝇哥啦,None,76561198826814139,作弊封禁,2020-03-12,Inf,1,None,None,AK47,0.39,None
xdwd715,None,76561199031281267,作弊封禁,2020-03-12,Inf,0,None,None,None,None,None
头头丸,Vip,76561199013580816,作弊封禁,2020-03-12,Inf,16,None,None,AWP,0.12,inferno
仇敌三千又何妨,None,76561198247015918,作弊封禁,2020-03-12,Inf,3,None,None,AWP,0.08,dust2
FAZe·NIk0,None,76561199031164187,作弊封禁,2020-03-12,Inf,0,None,None,AWP,0.00,None
2元牛肉面♞,Vip,76561198855488316,作弊封禁,2020-03-12,Inf,15,None,None,AWP,0.15,inferno
大老师齐格飞,None,76561198983292629,作弊封禁,2020-03-12,Inf,0,None,None,None,None,None
Migic1anl,None,76561199028591703,作弊封禁,2020-03-12,Inf,1,None,None,AK47,0.53,None
asiklhnac,None,76561199007157796,作弊封禁,2020-03-12,Inf,9,None,None,G3SG1(T),0.87,None
拍案惊奇,None,76561199027951947,作弊封禁,2020-03-12,Inf,0,None,None,None,None,None
5000分大佬懂,None,76561199030730009,作弊封禁,2020-03-12,Inf,6,None,None,None,None,None
白给小文鸭,Vip,76561198988658381,作弊封禁,2020-03-12,Inf,1,None,None,None,None,None
Pakho.GDPC,None,76561198979123714,作弊封禁,2020-03-12,Inf,1,None,None,None,None,None
852030035,Svip,76561198358124589,作弊封禁,2020-03-12,Inf,28,187,82,None,None,None
魔法少女森森森,Vip,76561198397068683,作弊封禁,2020-03-12,Inf,12,None,None,AK47,0.50,mirage
是秋刀鱼,Svip,76561198798267715,作弊封禁,2020-03-12,Inf,11,127,73,None,None,None
元气少男Niko。,None,76561199031325729,作弊封禁,2020-03-12,Inf,1,None,None,M4A4,0.64,None
ayu2w860ad,None,76561199011975088,作弊封禁,2020-03-12,Inf,4,None,None,AWP,0.12,None
老羊瓦尔特,None,76561199023206596,作弊封禁,2020-03-12,Inf,2,None,None,Negev,0.25,None
XL.luzzzzzzzzz,None,76561198967885067,作弊封禁,2020-03-12,Inf,1,None,None,None,None,None
tailijun,None,76561199025364111,作弊封禁,2020-03-12,Inf,1,None,None,None,None,None
EL_Wary,None,76561199030847266,作弊封禁,2020-03-12,Inf,3,None,None,M4A4,0.38,None
林衍小哥哥呀,None,76561199018723686,作弊封禁,2020-03-12,Inf,17,None,None,AWP,0.11,dust2
xiaoyuyang5,None,76561198370109124,作弊封禁,2020-03-12,Inf,10,None,None,AWP,0.14,mirage
"SpeedWagon,",None,76561199000204586,作弊封禁,2020-03-12,Inf,2,None,None,None,None,None
Xiao_he,None,76561198899957718,作弊封禁,2020-03-12,Inf,1,None,None,None,None,None
都是白给啊i,None,76561198238766362,作弊封禁,2020-03-12,Inf,0,None,None,None,None,None
y9pXm,None,76561199026202867,作弊封禁,2020-03-12,Inf,12,None,None,AWP,0.09,None
SCYN,None,76561199026367900,作弊封禁,2020-03-12,Inf,2,None,None,None,None,None
违规用户名_4555049dowpwl,None,76561198969052632,作弊封禁,2020-03-12,Inf,1,None,None,None,None,None
哎呀明诺,None,76561199031401073,作弊封禁,2020-03-12,Inf,12,None,None,None,None,None
快乐就完事了奥,None,76561199025007535,作弊封禁,2020-03-12,Inf,11,None,None,M4A4,0.44,None
anysong,Vip,76561199027262409,作弊封禁,2020-03-12,Inf,22,None,None,SG 553,0.53,mirage
hgzbc5r,Vip,76561199026455466,作弊封禁,2020-03-12,Inf,32,None,None,SG 553,0.49,mirage
Angel安琪,None,76561199016466977,作弊封禁,2020-03-12,Inf,0,None,None,SG 553,0.25,dust2
King苦,None,76561198909547889,作弊封禁,2020-03-12,Inf,1,None,None,AK47,0.33,None
顶级瞄准丶cl4,Vip,76561199022729022,作弊封禁,2020-03-12,Inf,95,None,None,AK47,0.66,dust2
打不过就是,None,76561198969668494,作弊封禁,2020-03-12,Inf,0,None,None,None,None,None
huangzhuo19810813,None,76561199029848385,作弊封禁,2020-03-12,Inf,3,None,None,AWP,0.23,None
-.-TIna,None,76561199032592240,作弊封禁,2020-03-12,Inf,1,None,None,None,None,None
AWHD,None,76561198423513188,作弊封禁,2020-03-12,Inf,1,None,None,AK47,0.59,None
-.=TIna.,None,76561199033090786,作弊封禁,2020-03-12,Inf,0,None,None,None,None,None
XD我热爱的,None,76561199008203903,作弊封禁,2020-03-12,Inf,14,None,None,AK47,0.54,mirage
Fxxyc,None,76561198961204142,作弊封禁,2020-03-12,Inf,0,None,None,None,None,None
星星和你都在梦里,None,76561198808966216,作弊封禁,2020-03-12,Inf,2,None,None,AK47,0.45,mirage
炳哥你好黑啊,None,76561199032500474,作弊封禁,2020-03-12,Inf,0,None,None,None,None,None
爱爆破的上班族,None,76561198182361591,作弊封禁,2020-03-12,Inf,2,None,None,None,None,None
演吗,None,76561198806734796,作弊封禁,2020-03-12,Inf,5,None,None,None,None,None
苏格拉底悖论,None,76561198237901722,作弊封禁,2020-03-12,Inf,1,None,None,None,None,None
-.=TIna,None,76561199033084483,作弊封禁,2020-03-12,Inf,1,None,None,None,None,None
战术目镜忘了摘,None,76561199032899761,作弊封禁,2020-03-12,Inf,7,None,None,None,None,None
我永远爱你胖胖,None,76561199001108574,作弊封禁,2020-03-12,Inf,8,None,None,SG 553,0.27,None
biancoei,None,76561198303111264,作弊封禁,2020-03-12,Inf,0,None,None,Galil,0.40,None
你的xyz,None,76561199032637592,作弊封禁,2020-03-12,Inf,1,None,None,None,None,None
TIna-.=,None,76561199033019683,作弊封禁,2020-03-12,Inf,0,None,None,None,None,None
没意思-,None,76561199032934159,作弊封禁,2020-03-12,Inf,4,None,None,AK47,0.80,None
DJ给我一条K,None,76561199032659587,作弊封禁,2020-03-12,Inf,12,None,None,AWP,0.35,None
Funny755,None,76561198913443511,作弊封禁,2020-03-12,Inf,0,None,None,AK47,0.14,None
冰室辰也,Svip,76561198988896123,作弊封禁,2020-03-12,Inf,1,8,13,None,None,None
这一次别离开我了,None,76561199031199090,作弊封禁,2020-03-12,Inf,0,None,None,SG 553,0.58,None
Mars.可樂,None,76561199026152894,作弊封禁,2020-03-12,Inf,1,None,None,AK47,0.53,inferno
U8geC1ome,None,76561199032489351,作弊封禁,2020-03-12,Inf,0,None,None,None,None,None
你们都别开啊,None,76561199032902678,作弊封禁,2020-03-12,Inf,0,None,None,None,None,None
无敌可爱聂,None,76561199001264068,作弊封禁,2020-03-12,Inf,5,None,None,AWP,0.15,None
笑笑莎莎.,None,76561199033035960,作弊封禁,2020-03-12,Inf,6,None,None,None,None,None
保安.,None,76561199032443476,作弊封禁,2020-03-12,Inf,5,None,None,AK47,0.67,None
新手保安-,None,76561199032889162,作弊封禁,2020-03-12,Inf,3,None,None,None,None,None
瞬jU王,None,76561199030284086,作弊封禁,2020-03-12,Inf,5,None,None,AWP,0.07,None
尝龟.,None,76561198857339537,作弊封禁,2020-03-12,Inf,10,None,None,AWP,0.11,dust2
我打啥啥不行,None,76561198047421397,作弊封禁,2020-03-12,Inf,0,None,None,None,None,None
1091031409,None,76561198398891878,作弊封禁,2020-03-12,Inf,7,None,None,SG 553,0.33,mirage
菜就努力白给,None,76561198855675227,作弊封禁,2020-03-12,Inf,0,None,None,M4A1 Silencer On,0.38,None
焊匪小宝贝,None,76561199012425450,作弊封禁,2020-03-12,Inf,13,None,None,AK47,0.28,mirage
本溪第一帅哔,Svip,76561198147651414,作弊封禁,2020-03-12,Inf,4,8,18,None,None,None
这一次别离开我,None,76561199032409254,作弊封禁,2020-03-12,Inf,0,None,None,None,None,None
爆头机器G哥哥,None,76561199031177764,作弊封禁,2020-03-12,Inf,4,None,None,AK47,0.70,None
FXTim,None,76561198400035396,作弊封禁,2020-03-12,Inf,0,None,None,None,None,None
打不过就加入debug,None,76561199031207863,作弊封禁,2020-03-12,Inf,5,None,None,AK47,0.91,None
简单的鱼鱼鱼,None,76561199030951590,作弊封禁,2020-03-12,Inf,8,None,None,AWP,0.09,None
老六不开心了,None,76561199031586984,作弊封禁,2020-03-12,Inf,0,None,None,None,None,None
我要肉丝面,None,76561198321929197,作弊封禁,2020-03-12,Inf,9,None,None,AWP,0.09,mirage
秋秋你们饶了我,None,76561199029032224,作弊封禁,2020-03-12,Inf,2,None,None,AK47,0.70,None
HangShao1,Vip,76561198290912561,作弊封禁,2020-03-12,Inf,3,None,None,None,None,None
有本事你就freestyle,None,76561199028712601,作弊封禁,2020-03-12,Inf,2,None,None,AWP,0.10,None
泡泡茶壶酱紫,None,76561198973220169,作弊封禁,2020-03-12,Inf,3,None,None,None,None,None
对面第一名有问题,None,76561198833655301,作弊封禁,2020-03-12,Inf,3,None,None,AWP,0.00,None
pei玩哟.暖风,Vip,76561198966568359,作弊封禁,2020-03-12,Inf,8,None,None,None,None,None
lhgkjfdg12,None,76561199032738292,作弊封禁,2020-03-12,Inf,14,None,None,None,None,None
刘桑爱樱花,None,76561198159994780,作弊封禁,2020-03-12,Inf,1,None,None,None,None,None
我想白给加点赞,None,76561199028637591,作弊封禁,2020-03-12,Inf,4,None,None,AK47,0.50,None
Rush“B”,None,76561199004127355,作弊封禁,2020-03-12,Inf,0,None,None,None,None,None
眼睛睁到最大了,None,76561199032391868,作弊封禁,2020-03-12,Inf,4,None,None,None,None,None
ccc2211567,None,76561198796012936,作弊封禁,2020-03-12,Inf,3,None,None,None,None,None
有医吗,None,76561198884227911,作弊封禁,2020-03-12,Inf,0,None,None,AWP,0.00,None
CHINAMotherHunter,None,76561198301990217,作弊封禁,2020-03-12,Inf,5,None,None,P90,0.34,inferno
柠檬汁真滴好喝丶,None,76561198177601835,作弊封禁,2020-03-12,Inf,0,None,None,None,None,None
fu560,None,76561199009416897,作弊封禁,2020-03-12,Inf,0,None,None,None,None,None
你觉得你很硬吗,None,76561199028642869,作弊封禁,2020-03-12,Inf,0,None,None,M4A4,0.67,None
希望你们收敛点,None,76561199029944023,作弊封禁,2020-03-12,Inf,1,None,None,AK47,0.77,None
Liarzero233,None,76561198802894054,作弊封禁,2020-03-12,Inf,14,None,None,AK47,0.58,None
你猜猜我怎么样,None,76561199029408491,作弊封禁,2020-03-12,Inf,2,None,None,AWP,0.29,None
稳3115696219,None,76561199032852252,作弊封禁,2020-03-12,Inf,1,None,None,SG 553,0.97,None
utnb66,None,76561199031017428,作弊封禁,2020-03-12,Inf,0,None,None,None,None,None
憨憨喔,None,76561199019694789,作弊封禁,2020-03-12,Inf,0,None,None,None,None,None
香蕉道王者1,None,76561199032656811,作弊封禁,2020-03-12,Inf,0,None,None,None,None,None
s1mplekennyS,None,76561199015242864,作弊封禁,2020-03-12,Inf,0,None,None,None,None,None
dy大明,None,76561199030936411,作弊封禁,2020-03-12,Inf,0,None,None,AWP,0.00,None
FW话真多,None,76561199027639558,作弊封禁,2020-03-12,Inf,3,None,None,None,None,None
骑毛驴的奥特曼,None,76561198422051745,作弊封禁,2020-03-12,Inf,0,None,None,None,None,None
老带来了,None,76561199032715138,作弊封禁,2020-03-12,Inf,0,None,None,None,None,None
craig74gagliardi,None,76561199029214048,作弊封禁,2020-03-12,Inf,74,None,None,SG 553,0.91,None
快乐小渔夫,Vip,76561199030266696,作弊封禁,2020-03-12,Inf,23,None,None,AWP,0.40,None
xianshipingmeiyoukai,None,76561198419453262,作弊封禁,2020-03-12,Inf,0,None,None,None,None,None
he呸.,None,76561199031248778,作弊封禁,2020-03-12,Inf,11,None,None,AK47,0.33,mirage
我是二傻你不配,Svip,76561198989211255,作弊封禁,2020-03-12,Inf,10,34,39,None,None,None
通湉湉,None,76561199012806011,作弊封禁,2020-03-12,Inf,9,None,None,AWP,0.13,None
头没了枪掉了16：0,None,76561197970902394,作弊封禁,2020-03-12,Inf,13,None,None,AWP,0.16,dust2
zzangggecut,None,76561199032840118,作弊封禁,2020-03-12,Inf,13,None,None,None,None,None
鲜衣怒馬少年郎,Vip,76561198978915146,作弊封禁,2020-03-12,Inf,38,None,None,AK47,0.51,inferno
蝶衣n,Svip,76561198990491442,作弊封禁,2020-03-12,Inf,33,21,94,None,None,None
^｀60kg,Vip,76561199019145464,作弊封禁,2020-03-12,Inf,95,None,None,AK47,0.68,inferno
gogo第一狠人,None,76561199031803152,作弊封禁,2020-03-12,Inf,65,None,None,SG 553,0.98,None
此生必睡诸葛大力,None,76561198204486067,作弊封禁,2020-03-12,Inf,0,None,None,None,None,None
jtwt474874,None,76561199026439806,作弊封禁,2020-03-12,Inf,29,None,None,AK47,0.48,mirage
对面真牛,None,76561199030465929,作弊封禁,2020-03-12,Inf,8,None,None,AK47,0.93,None
AkaBoys,None,76561198828459948,作弊封禁,2020-03-12,Inf,15,None,None,AWP,0.14,None
小凡5227,Vip,76561198832684487,作弊封禁,2020-03-12,Inf,2,None,None,P90,0.13,None
2hnann3,None,76561199016711218,作弊封禁,2020-03-12,Inf,12,None,None,AK47,0.41,inferno
ZTZJ,Svip,76561198322209121,作弊封禁,2020-03-12,Inf,28,1318,385,None,None,None
慧慧的枕边人,Svip,76561198848754724,作弊封禁,2020-03-12,Inf,10,590,180,None,None,None
不如你十里春风,Svip,76561199027866258,作弊封禁,2020-03-12,Inf,5,21,38,None,None,None
bat_wind,None,76561199029653768,作弊封禁,2020-03-12,Inf,0,None,None,None,None,None
岛市老八pro,None,76561198846179271,作弊封禁,2020-03-12,Inf,7,None,None,AWP,0.05,dust2
3115696219稳,None,76561199032861708,作弊封禁,2020-03-12,Inf,3,None,None,SG 553,0.91,None
脚气B人乔碧萝,None,76561199032335802,作弊封禁,2020-03-12,Inf,0,None,None,None,None,None
一百分的鱼,None,76561199030547975,作弊封禁,2020-03-12,Inf,20,None,None,AWP,0.08,None
onlooker—,None,76561199009060852,作弊封禁,2020-03-12,Inf,2,None,None,None,None,None
年轻人QQQZ,None,76561199022479740,作弊封禁,2020-03-12,Inf,18,None,None,AUG,0.88,None
没实力就别玩游戏,None,76561199029559036,作弊封禁,2020-03-12,Inf,17,None,None,AK47,0.36,None
Sh0urdd,None,76561199030923835,作弊封禁,2020-03-12,Inf,16,None,None,AK47,0.93,None
小小炸鱼工,None,76561199030046850,作弊封禁,2020-03-12,Inf,16,None,None,G3SG1(T),0.89,None
少年阿斌ღ,None,76561199030297020,作弊封禁,2020-03-12,Inf,47,None,None,AK47,0.68,None
希望队友可以拉枪,Svip,76561198447036346,作弊封禁,2020-03-12,Inf,28,45,77,None,None,None
Makapaka1,None,76561199032775720,作弊封禁,2020-03-12,Inf,18,None,None,SG 553,0.78,None
月光下的那只猹,Svip,76561198831137726,作弊封禁,2020-03-12,Inf,12,31,74,None,None,None
常跪大师,None,76561198402689883,作弊封禁,2020-03-12,Inf,8,None,None,AWP,0.10,dust2
DNR_Horse,Svip,76561198813071332,作弊封禁,2020-03-12,Inf,32,50,119,None,None,None
老实憨厚的吴东泽,None,76561198416409501,作弊封禁,2020-03-12,Inf,10,None,None,SG 553,0.34,mirage
道具师必凉,None,76561199031096038,作弊封禁,2020-03-12,Inf,14,None,None,AK47,0.63,None
pikachuuuuuuuu,None,76561198812918027,作弊封禁,2020-03-12,Inf,27,None,None,SG 553,0.48,train
南阎浮提,Vip,76561199023844942,作弊封禁,2020-03-12,Inf,22,None,None,AK47,0.59,dust2
TxTx矛头,None,76561199009446351,作弊封禁,2020-03-12,Inf,7,None,None,SG 553,0.37,inferno
Makarov1008,None,76561199021999495,作弊封禁,2020-03-12,Inf,26,None,None,AK47,0.45,mirage
康师傅正宗老坛AK,Vip,76561199031242045,作弊封禁,2020-03-12,Inf,21,None,None,AK47,0.34,mirage
丁痴梦,Svip,76561199013231530,作弊封禁,2020-03-12,Inf,10,34,22,None,None,None
DARK+agg,None,76561198867442601,作弊封禁,2020-03-12,Inf,4,None,None,MP7,0.47,None
mwjg403658,None,76561199026371073,作弊封禁,2020-03-12,Inf,2,None,None,AK47,0.34,None
老衲丶嬴荡,None,76561199029640264,作弊封禁,2020-03-12,Inf,5,None,None,AK47,0.36,dust2
LGFEEEE,None,76561199031342889,作弊封禁,2020-03-12,Inf,0,None,None,AK47,0.23,None
小强一样的小鑫,None,76561198999244309,作弊封禁,2020-03-12,Inf,10,None,None,AK47,0.46,None
涛老师Y,Vip,76561199027309711,作弊封禁,2020-03-12,Inf,44,None,None,AWP,0.13,dust2
咪咕嘀咕,Vip,76561198421056632,作弊封禁,2020-03-12,Inf,17,None,None,AK47,0.50,mirage
2951270670,None,76561199028919845,作弊封禁,2020-03-12,Inf,12,None,None,None,None,None
17_Sniper,Vip,76561199031466826,作弊封禁,2020-03-12,Inf,5,None,None,AK47,0.61,None
Cook11e,None,76561199031309941,作弊封禁,2020-03-12,Inf,6,None,None,AWP,0.05,None
嘴臭枪法差,None,76561199028547402,作弊封禁,2020-03-12,Inf,13,None,None,AK47,0.44,None
6828cfae,None,76561199028957451,作弊封禁,2020-03-12,Inf,5,None,None,AWP,0.08,None
白给才是真,None,76561198401232394,作弊封禁,2020-03-12,Inf,45,None,None,M4A4,0.68,mirage
MaoMaoa,None,76561198330323639,作弊封禁,2020-03-12,Inf,6,None,None,AK47,0.52,mirage
我擦啊阿文嘎洒,None,76561199025557929,作弊封禁,2020-03-12,Inf,22,None,None,AK47,0.73,inferno
请先追杀我队友,Svip,76561198960515317,作弊封禁,2020-03-12,Inf,8,295,84,None,None,None
零℃红茶,Svip,76561198328861099,作弊封禁,2020-03-12,Inf,21,272,102,None,None,None
格度,Svip,76561198798143951,作弊封禁,2020-03-12,Inf,25,70,101,None,None,None
对不起只会狙,Svip,76561198865002912,作弊封禁,2020-03-12,Inf,7,16,0,None,None,None
长枪白马陈芝豹,None,76561199027845255,作弊封禁,2020-03-12,Inf,20,None,None,AWP,0.09,None
uy7b7r,None,76561199030031535,作弊封禁,2020-03-12,Inf,32,None,None,AK47,0.72,None
蝎子莱莱重拳出击,Vip,76561198310006502,作弊封禁,2020-03-12,Inf,5,None,None,AUG,0.36,dust2
予君欢喜,Svip,76561199017125142,作弊封禁,2020-03-12,Inf,6,13,20,None,None,None
x4qns9,None,76561198968572960,作弊封禁,2020-03-12,Inf,13,None,None,AK47,0.31,inferno
问就三千分,None,76561199031419036,作弊封禁,2020-03-12,Inf,15,None,None,AK47,0.88,None
Kennys...........,None,76561199032555889,作弊封禁,2020-03-12,Inf,15,None,None,AK47,0.81,None
六六今天喝了吗,None,76561198899626332,破坏游戏秩序,2020-03-12,2020-04-12,64,None,89,AK47,0.37,inferno
九哥的摇头蘸酱,Vip,76561198837243400,作弊封禁,2020-03-12,Inf,20,None,None,AK47,0.61,mirage
woaibabamama,None,76561198405198701,作弊封禁,2020-03-12,Inf,5,None,None,SG 553,0.73,None
黑色浪漫,Svip,76561198809161097,作弊封禁,2020-03-12,Inf,14,30,77,None,None,None
Mo⚡,None,76561199012731012,作弊封禁,2020-03-12,Inf,60,None,None,SG 553,0.51,inferno
收集她的游戏ID,None,76561199027602294,作弊封禁,2020-03-12,Inf,9,None,None,AWP,0.06,None
车车NNX,None,76561199031239732,作弊封禁,2020-03-12,Inf,1,None,None,None,None,None
孤嶼i,Svip,76561199021955443,作弊封禁,2020-03-12,Inf,13,28,45,None,None,None
程慕然,None,76561198805260763,作弊封禁,2020-03-12,Inf,50,None,None,AWP,0.08,dust2
不要秒白给了2335,None,76561199032986225,作弊封禁,2020-03-12,Inf,0,None,None,None,None,None
在你的身边,None,76561199025803279,作弊封禁,2020-03-12,Inf,21,None,None,AWP,0.11,dust2
追风小青衣,None,76561199030275544,作弊封禁,2020-03-12,Inf,21,None,None,AK47,0.51,None
❤爱婉瑜❤,Svip,76561198980352203,作弊封禁,2020-03-12,Inf,35,11,51,None,None,None
随缘i,Vip,76561199031119155,作弊封禁,2020-03-12,Inf,24,None,None,AWP,0.06,None
风一样自由·,None,76561199032476908,作弊封禁,2020-03-12,Inf,14,None,None,AK47,0.81,None
shroud是我本人,None,76561199030636777,作弊封禁,2020-03-12,Inf,22,None,None,AK47,0.47,inferno
の您妈补天,None,76561198870728839,作弊封禁,2020-03-12,Inf,3,None,None,AK47,0.41,dust2
半城烟沙灬,None,76561198436954890,作弊封禁,2020-03-12,Inf,14,None,None,AK47,0.48,mirage
":wh,加油",Vip,76561198358319851,作弊封禁,2020-03-12,Inf,53,None,None,AK47,0.55,inferno
克里斯关下门。,Vip,76561198286521840,作弊封禁,2020-03-12,Inf,2,None,None,Galil,0.22,inferno
别白给了1,None,76561198975018752,作弊封禁,2020-03-12,Inf,41,None,None,AWP,0.09,mirage
juab844527,None,76561199029229840,作弊封禁,2020-03-12,Inf,4,None,None,AK47,0.48,None
Self123456,None,76561198941382987,作弊封禁,2020-03-12,Inf,0,None,None,None,None,None
先报点再喔曹,None,76561199025498487,破坏游戏秩序,2020-03-12,2020-03-19,14,None,11,AWP,0.10,None
枪O约会O子弹,Vip,76561199005640059,作弊封禁,2020-03-12,Inf,21,None,None,AK47,0.41,mirage
ahrd088283,None,76561199026005130,作弊封禁,2020-03-12,Inf,25,None,None,AK47,0.38,None
喜星星,Vip,76561198894024283,作弊封禁,2020-03-12,Inf,34,None,None,AK47,0.52,mirage
光头杰森斯坦森,Svip,76561198371919514,作弊封禁,2020-03-12,Inf,16,54,66,None,None,None
电脑玩家爱锐特,None,76561199029507514,作弊封禁,2020-03-12,Inf,17,None,None,AK47,0.62,None
NB精神小伙,Vip,76561198402646387,作弊封禁,2020-03-12,Inf,26,None,None,AWP,0.10,dust2
Jerry的papa,None,76561199026325055,作弊封禁,2020-03-12,Inf,3,None,None,AWP,0.12,mirage
3Shan丶,Svip,76561198838986932,作弊封禁,2020-03-12,Inf,6,172,185,None,None,None
daquantou,Vip,76561198255801199,作弊封禁,2020-03-12,Inf,0,None,None,None,None,None
a625915185,None,76561198146145725,作弊封禁,2020-03-12,Inf,1,None,None,None,None,None
123trtfah,None,76561199010723557,作弊封禁,2020-03-12,Inf,0,None,None,None,None,None
永远滴神kennyS,None,76561199031182313,破坏游戏秩序,2020-03-12,2020-03-19,19,None,7,AWP,0.09,None
雾不知情长,None,76561198971563224,作弊封禁,2020-03-12,Inf,24,None,None,AK47,0.38,dust2
毛毛毛毛怪,Vip,76561199029634080,作弊封禁,2020-03-12,Inf,19,None,None,Zeus x27,0.00,None
stan_zq,None,76561199032982763,作弊封禁,2020-03-12,Inf,3,None,None,AWP,0.26,None
战争88,None,76561199031598354,作弊封禁,2020-03-12,Inf,1,None,None,M4A4,0.09,None
这个号只点头,None,76561199031020756,作弊封禁,2020-03-12,Inf,2,None,None,Desert Eagle,0.73,None
再抱抱我好吗,Svip,76561199023545008,作弊封禁,2020-03-12,Inf,11,5,22,None,None,None
六宝家的,None,76561199031434796,作弊封禁,2020-03-12,Inf,1,None,None,AK47,0.33,None
法老ll,None,76561198148768562,作弊封禁,2020-03-12,Inf,0,None,None,None,None,None
C100,None,76561199031522238,作弊封禁,2020-03-12,Inf,0,None,None,None,None,None
我爱喝奶茶gogogo,None,76561199030863730,作弊封禁,2020-03-12,Inf,0,None,None,AK47,0.40,None
毛辣,None,76561198289241531,作弊封禁,2020-03-12,Inf,1,None,None,None,None,None
偷走妹妹的芳心,None,76561198887063930,作弊封禁,2020-03-12,Inf,1,None,None,None,None,None
你的男孩y,Vip,76561198987178075,作弊封禁,2020-03-12,Inf,7,None,None,AK47,0.44,dust2
niubizz,None,76561199027766312,破坏游戏秩序,2020-03-12,2020-04-12,28,None,18,AK47,0.49,mirage
何必扰心境,None,76561199030743918,作弊封禁,2020-03-12,Inf,28,None,None,SG 553,0.48,dust2
林则奚,Svip,76561199024622671,作弊封禁,2020-03-12,Inf,34,33,122,None,None,None
源g源g,None,76561199031020094,作弊封禁,2020-03-12,Inf,14,None,None,AWP,0.09,None
戒了烟吧格雷福斯,Vip,76561198978219063,作弊封禁,2020-03-12,Inf,48,None,None,AK47,0.43,cache
架不住她的心,None,76561198359382085,作弊封禁,2020-03-12,Inf,0,None,None,None,None,None
ReinhardVanAstrea·,Svip,76561198800893295,作弊封禁,2020-03-12,Inf,20,43,89,None,None,None
NAV的simple,None,76561199013073107,作弊封禁,2020-03-12,Inf,47,None,None,AK47,0.56,dust2
莽夫在线rush,None,76561199028695404,作弊封禁,2020-03-12,Inf,5,None,None,AWP,0.06,None
铁血莽夫,Vip,76561198427692464,作弊封禁,2020-03-12,Inf,21,None,None,AWP,0.10,overpass
木可心心心,None,76561198402197423,作弊封禁,2020-03-12,Inf,11,None,None,P90,0.29,mirage
NAcy.,None,76561199026650126,作弊封禁,2020-03-12,Inf,26,None,None,AK47,0.42,mirage
epBHal,None,76561199023938993,作弊封禁,2020-03-12,Inf,30,None,None,AK47,0.47,None
AREUOK?,None,76561199030767510,作弊封禁,2020-03-12,Inf,29,None,None,AK47,0.51,None
我真的只会玩喷子,None,76561199030614048,作弊封禁,2020-03-12,Inf,17,None,None,Zeus x27,0.00,None
kennyS-Go,None,76561199030842072,作弊封禁,2020-03-12,Inf,13,None,None,AWP,0.09,None
umutdada,None,76561199031588645,作弊封禁,2020-03-12,Inf,5,None,None,SG 553,0.90,None
fanshuiyou,None,76561199028475889,作弊封禁,2020-03-12,Inf,5,None,None,M4A4,0.55,None
我是啊海啊,None,76561199026353655,作弊封禁,2020-03-12,Inf,24,None,None,AK47,0.56,inferno
你这样我不想演丶,None,76561199032649088,作弊封禁,2020-03-12,Inf,15,None,None,Zeus x27,0.00,None
三发结束.,None,76561198252254128,破坏游戏秩序,2020-03-12,2020-04-12,40,None,14,AK47,0.41,None
vkmyvxw5387622,None,76561199026219454,作弊封禁,2020-03-12,Inf,1,None,None,AK47,0.75,None
丿辽宁丶Kennys！,Svip,76561198904059938,作弊封禁,2020-03-12,Inf,15,363,393,None,None,None
♤渣来八荒♤,Svip,76561198401625633,作弊封禁,2020-03-12,Inf,13,16,100,None,None,None
乔碧萝膀一,None,76561198960659484,作弊封禁,2020-03-12,Inf,34,None,None,AWP,0.07,inferno
2ry,Svip,76561199029423459,作弊封禁,2020-03-12,Inf,5,15,15,None,None,None
Stvui,None,76561199024219599,作弊封禁,2020-03-12,Inf,8,None,None,M4A4,0.50,None
CJWei,Svip,76561198393530799,作弊封禁,2020-03-12,Inf,40,66,167,None,None,None
卢本伟拾号,None,76561199031241152,作弊封禁,2020-03-12,Inf,25,None,None,Zeus x27,0.00,None
p90王中王小王子,None,76561199025182723,作弊封禁,2020-03-12,Inf,39,None,None,P90,0.44,None
我为啥要感同身受,None,76561199028436207,作弊封禁,2020-03-12,Inf,22,None,None,AK47,0.44,dust2
天天要白给,Vip,76561198427268223,作弊封禁,2020-03-12,Inf,10,None,None,AWP,0.08,inferno
liangliang111,None,76561199023480933,作弊封禁,2020-03-12,Inf,30,None,None,AK47,0.46,inferno
我ak很准,None,76561199031995624,作弊封禁,2020-03-12,Inf,2,None,None,None,None,None
山本五十七,None,76561199031450482,作弊封禁,2020-03-12,Inf,18,None,None,None,None,None
b站3416531,Vip,76561198792589180,作弊封禁,2020-03-12,Inf,26,None,None,AWP,0.10,inferno
一盒酥,None,76561198418859843,作弊封禁,2020-03-12,Inf,28,None,None,AK47,0.55,train
shyemmm,None,76561198171539519,作弊封禁,2020-03-12,Inf,6,None,None,AK47,0.29,mirage
ef2568c,None,76561199029506439,作弊封禁,2020-03-12,Inf,38,None,None,SG 553,0.24,inferno
jl9885,None,76561198999304590,作弊封禁,2020-03-12,Inf,40,None,None,AK47,0.65,None
非常规大师Albert,Vip,76561199025689053,作弊封禁,2020-03-12,Inf,36,None,None,AK47,0.53,dust2
斑马不开心,None,76561199026805780,作弊封禁,2020-03-12,Inf,20,None,None,AK47,0.48,None
队友不给力我就喷,None,76561199028414302,作弊封禁,2020-03-12,Inf,1,None,None,AWP,0.19,None
misaku4,None,76561198165583931,作弊封禁,2020-03-12,Inf,3,None,None,AWP,0.07,mirage
17岁想牛,None,76561199032806540,作弊封禁,2020-03-12,Inf,3,None,None,SG 553,1.00,None
大赦天下..,None,76561199025707921,作弊封禁,2020-03-12,Inf,0,None,None,None,None,None
10块一颗的鱼雷,None,76561199027353104,作弊封禁,2020-03-12,Inf,19,None,None,SG 553,0.39,None
乾坤震巽坎离兑艮,Vip,76561198423369809,作弊封禁,2020-03-12,Inf,1,None,None,None,None,None
KUERXIATI,None,76561199019861380,作弊封禁,2020-03-12,Inf,0,None,None,None,None,None
非常常规大师·Gun,None,76561199030001749,作弊封禁,2020-03-12,Inf,0,None,None,None,None,None
孤独无心,None,76561199027912975,作弊封禁,2020-03-12,Inf,3,None,None,None,None,None
葫芦小金刚.,None,76561199031096042,作弊封禁,2020-03-12,Inf,1,None,None,None,None,None
DJ大diao哥,None,76561199030899222,作弊封禁,2020-03-12,Inf,1,None,None,None,None,None
佬ddddd,Svip,76561198843100177,作弊封禁,2020-03-12,Inf,17,46,84,None,None,None
五更.,None,76561198808808517,作弊封禁,2020-03-12,Inf,0,None,None,AK47,0.17,None
白给就完事了=。,None,76561199032838666,作弊封禁,2020-03-12,Inf,0,None,None,None,None,None
夜小色,None,76561198962798972,作弊封禁,2020-03-12,Inf,2,None,None,Zeus x27,0.00,None
年轻人丶QzWdnmd丶,Vip,76561199011738153,作弊封禁,2020-03-12,Inf,25,None,None,AWP,0.15,None
巢唱月,Vip,76561199013033930,作弊封禁,2020-03-12,Inf,33,None,None,AK47,0.41,inferno
柯兰,Vip,76561198425499786,作弊封禁,2020-03-12,Inf,10,None,None,AK47,0.50,inferno
heiren972,None,76561198424728051,作弊封禁,2020-03-12,Inf,0,None,None,AWP,0.16,None
老六教学常规,None,76561199030194234,作弊封禁,2020-03-12,Inf,2,None,None,AWP,0.09,None
想来一发biu,Vip,76561198148427846,作弊封禁,2020-03-12,Inf,0,None,None,None,None,None
布吉岛啦,None,76561198230174268,作弊封禁,2020-03-12,Inf,13,None,None,AK47,0.33,mirage
对面第一有问题.,None,76561199033098649,作弊封禁,2020-03-12,Inf,1,None,None,None,None,None
chuya19910619,None,76561199029614165,作弊封禁,2020-03-12,Inf,1,None,None,M4A4,0.00,None
北凉人屠,None,76561198974963370,作弊封禁,2020-03-12,Inf,0,None,None,None,None,None
恋爱鬼才可达鸭,None,76561198404001256,作弊封禁,2020-03-12,Inf,0,None,None,None,None,None
非常规大师`Gyn,None,76561199030940036,作弊封禁,2020-03-12,Inf,0,None,None,None,None,None
夜袭青楼男,None,76561198990112325,作弊封禁,2020-03-12,Inf,1,None,None,AK47,0.34,None
a1014508081,None,76561199033113030,作弊封禁,2020-03-12,Inf,0,None,None,None,None,None
UTBABA6,None,76561199031551083,作弊封禁,2020-03-12,Inf,2,None,None,SG 553,0.63,None
最佳ㄟ搭档❤,Vip,76561199015652277,作弊封禁,2020-03-12,Inf,0,None,None,None,None,None
嫌疑人是我吗？,None,76561199031938931,作弊封禁,2020-03-12,Inf,3,None,None,None,None,None
ゞ233,Vip,76561199027475263,作弊封禁,2020-03-12,Inf,0,None,None,None,None,None
白给就完事了-。=,None,76561199033046227,作弊封禁,2020-03-12,Inf,1,None,None,None,None,None
-月球上的人-,Svip,76561198974833444,作弊封禁,2020-03-12,Inf,13,93,79,None,None,None
你的亲阿霸,None,76561199026596084,作弊封禁,2020-03-12,Inf,3,None,None,AK47,0.70,None
kiloop,None,76561198381140756,作弊封禁,2020-03-12,Inf,3,None,None,None,None,None
Rush冲鸭,None,76561198843776766,作弊封禁,2020-03-12,Inf,18,None,None,AWP,0.07,overpass
一天的白给,None,76561199029680930,作弊封禁,2020-03-12,Inf,4,None,None,None,None,None
牛子有道疤,None,76561199031994860,作弊封禁,2020-03-12,Inf,5,None,None,None,None,None
漂亮男骸刘波,None,76561199011666386,作弊封禁,2020-03-12,Inf,20,None,None,AK47,0.38,cache
笑而不语车车,Vip,76561198253413318,作弊封禁,2020-03-12,Inf,12,None,None,AK47,0.33,dust2
S1mple炮击,None,76561199024421799,作弊封禁,2020-03-12,Inf,0,None,None,SG 553,0.67,None
✪NAVIs1mpie,Vip,76561199032065604,作弊封禁,2020-03-12,Inf,6,None,None,AK47,0.46,None
深蓝色zeRRy,Vip,76561199027082178,作弊封禁,2020-03-12,Inf,17,None,None,AK47,0.48,mirage
我劝你冷静⚡,None,76561198393064791,作弊封禁,2020-03-12,Inf,9,None,None,AWP,0.10,dust2
宮城良田,None,76561199026523792,作弊封禁,2020-03-12,Inf,3,None,None,None,None,None
别开G行不,None,76561199032311749,作弊封禁,2020-03-12,Inf,1,None,None,None,None,None
有框框。,None,76561199033076901,作弊封禁,2020-03-12,Inf,12,None,None,AWP,0.15,None
Super.xwb,None,76561199015584797,作弊封禁,2020-03-12,Inf,0,None,None,None,None,None
一鸣惊人502,None,76561198451282503,作弊封禁,2020-03-12,Inf,46,None,None,P90,0.23,inferno
洗西西,None,76561199032921658,作弊封禁,2020-03-12,Inf,5,None,None,None,None,None
gGg-wLL_,None,76561199026737021,作弊封禁,2020-03-12,Inf,1,None,None,None,None,None
我要当太空人.,None,76561199030904309,作弊封禁,2020-03-12,Inf,0,None,None,SG 553,0.36,None
诸葛夜壶,None,76561199031202015,作弊封禁,2020-03-12,Inf,3,None,None,M4A4,0.43,None
需要家3115696219,None,76561199032625956,作弊封禁,2020-03-12,Inf,5,None,None,None,None,None
老叔_,Vip,76561199000948602,作弊封禁,2020-03-12,Inf,27,None,None,AK47,0.39,dust2
走廊灯关上,None,76561199030635468,作弊封禁,2020-03-12,Inf,6,None,None,AWP,0.10,None
不爱吃秋刀鱼,None,76561199027849070,作弊封禁,2020-03-12,Inf,16,None,None,AK47,0.62,None
徐良一永远的神,None,76561199029191129,作弊封禁,2020-03-12,Inf,0,None,None,AK47,0.00,None
我想不通,None,76561199032067923,作弊封禁,2020-03-12,Inf,5,None,None,None,None,None
十岁反应,None,76561199030377191,作弊封禁,2020-03-12,Inf,15,None,None,AK47,0.33,None
王者荣耀无敌哦,None,76561199024288785,作弊封禁,2020-03-12,Inf,0,None,None,AWP,0.24,None
犬来八荒11,None,76561199024112105,作弊封禁,2020-03-12,Inf,26,None,None,AK47,0.76,None
第一次是我,Vip,76561199032234132,作弊封禁,2020-03-12,Inf,1,None,None,None,None,None
老八食品,None,76561199026923554,作弊封禁,2020-03-12,Inf,0,None,None,None,None,None
萌新呀0.0,None,76561199031090859,作弊封禁,2020-03-12,Inf,0,None,None,M4A4,0.33,None
我也不想开的,None,76561199029449253,作弊封禁,2020-03-12,Inf,12,None,None,AK47,0.70,None
醋溜小白菜,None,76561199014755926,作弊封禁,2020-03-12,Inf,5,None,None,None,None,None
关东宫藤,Vip,76561199026343214,作弊封禁,2020-03-12,Inf,24,None,None,AK47,0.34,mirage
该摇害的摇,None,76561199019985013,作弊封禁,2020-03-12,Inf,17,None,None,AK47,0.63,None
梁辉吴彦祖,None,76561199032499729,作弊封禁,2020-03-12,Inf,1,None,None,None,None,None
男人一剪梅,Vip,76561198809087934,作弊封禁,2020-03-12,Inf,5,None,None,AK47,0.43,dust2
VL2,None,76561199032672377,作弊封禁,2020-03-12,Inf,7,None,None,None,None,None
子越,None,76561199030759348,作弊封禁,2020-03-12,Inf,4,None,None,AWP,0.07,None
她和龙狙亦不可得,Vip,76561198273877851,作弊封禁,2020-03-12,Inf,0,None,None,None,None,None
俞的未来,None,76561198873378056,作弊封禁,2020-03-12,Inf,1,None,None,None,None,None
我好想转,None,76561198442823107,作弊封禁,2020-03-12,Inf,3,None,None,None,None,None
G2.KennysZEH6,None,76561199032620532,作弊封禁,2020-03-12,Inf,0,None,None,None,None,None
起把大狙出门白给,None,76561198936256286,作弊封禁,2020-03-12,Inf,0,None,None,AWP,0.10,None
补殴琴录,None,76561199025192956,作弊封禁,2020-03-12,Inf,0,None,None,AK47,0.67,None
00six00,None,76561199027381877,作弊封禁,2020-03-12,Inf,2,None,None,None,None,None
老八蜜汁小汉堡t,None,76561199032687977,作弊封禁,2020-03-12,Inf,1,None,None,None,None,None
Frozen_QWQ,None,76561198425910517,作弊封禁,2020-03-12,Inf,0,None,None,None,None,None
GGHM4,None,76561199032713167,作弊封禁,2020-03-12,Inf,1,None,None,None,None,None
明日绮罗花老师,None,76561199029775862,作弊封禁,2020-03-12,Inf,0,None,None,None,None,None
SDSDSDX,None,76561199030783080,作弊封禁,2020-03-12,Inf,4,None,None,None,None,None
psniu,None,76561198201242089,作弊封禁,2020-03-12,Inf,6,None,None,AK47,0.39,overpass
jjj524321,Vip,76561199024452476,作弊封禁,2020-03-12,Inf,5,None,None,AK47,0.35,dust2
我要冲坦克,None,76561198987184669,作弊封禁,2020-03-12,Inf,25,None,None,AK47,0.49,dust2
恍恍惚惚哈哈哈,Svip,76561198882047617,作弊封禁,2020-03-12,Inf,3,27,41,None,None,None
背身一下算我输,None,76561199027150529,作弊封禁,2020-03-12,Inf,4,None,None,AWP,0.13,None
Tony专业理发,None,76561199028596672,作弊封禁,2020-03-12,Inf,11,None,None,AK47,0.42,None
wosupreme,None,76561199028845405,作弊封禁,2020-03-12,Inf,19,None,None,SG 553,0.39,None
brunoyy,None,76561199026581498,作弊封禁,2020-03-12,Inf,43,None,None,AWP,0.13,inferno
w__七七G,None,76561199032901053,作弊封禁,2020-03-12,Inf,4,None,None,None,None,None
AltmanQAQ,None,76561198825850584,作弊封禁,2020-03-12,Inf,30,None,None,AK47,0.41,mirage
六花pro,None,76561199026806029,作弊封禁,2020-03-12,Inf,12,None,None,AK47,0.45,inferno
Laglu,None,76561198863509156,作弊封禁,2020-03-12,Inf,4,None,None,AK47,0.50,None
NoHax.Float1n9,None,76561199022789568,作弊封禁,2020-03-12,Inf,20,None,None,M4A4,0.52,None
枪马二五仔人菜,None,76561199026659302,作弊封禁,2020-03-12,Inf,14,None,None,P90,0.46,None
此生必睡崇宫澪,None,76561199016923796,作弊封禁,2020-03-12,Inf,0,None,None,None,None,None
我只会无甲沙鹰,None,76561198314863839,作弊封禁,2020-03-12,Inf,32,None,None,AK47,0.56,dust2
玩狙没赢过,Vip,76561198974479407,作弊封禁,2020-03-12,Inf,25,None,None,AWP,0.16,inferno
-Dragon,Vip,76561198830554911,作弊封禁,2020-03-12,Inf,13,None,None,AK47,0.52,inferno
老麦克雷了。,None,76561198125635882,作弊封禁,2020-03-12,Inf,29,None,None,AK47,0.45,inferno
RuoYang,Svip,76561198982990225,作弊封禁,2020-03-12,Inf,12,207,234,None,None,None
kiven456654,None,76561198961369361,作弊封禁,2020-03-12,Inf,6,None,None,AK47,0.36,overpass
Magdalena`Frackwiak_v9/,Svip,76561199021826452,作弊封禁,2020-03-12,Inf,71,46,181,None,None,None
我就是要指挥你,None,76561199026455505,作弊封禁,2020-03-12,Inf,15,None,None,AWP,0.05,None
煎蛋卷,Vip,76561198130510568,作弊封禁,2020-03-12,Inf,9,None,None,AK47,0.43,dust2
hahahasun,None,76561198829976718,作弊封禁,2020-03-12,Inf,2,None,None,AK47,0.30,mirage
顶级意识c,None,76561199013738461,作弊封禁,2020-03-12,Inf,0,None,None,P90,0.27,None
ouqxrvm2412176,None,76561199026032773,作弊封禁,2020-03-12,Inf,10,None,None,AK47,0.40,dust2
E.ZKennyS,Svip,76561198432982543,作弊封禁,2020-03-12,Inf,2,279,152,None,None,None
带bobi,None,76561198200264837,作弊封禁,2020-03-12,Inf,7,None,None,M4A4,0.30,dust2
otto、、,None,76561199032863781,作弊封禁,2020-03-12,Inf,3,None,None,AWP,0.14,None
哈喽..,None,76561198967766776,作弊封禁,2020-03-12,Inf,1,None,None,AWP,0.11,None
Maoer76,None,76561199033315439,作弊封禁,2020-03-12,Inf,2,None,None,None,None,None
BigYL,None,76561199029038990,作弊封禁,2020-03-12,Inf,3,None,None,SSG08,0.86,None
烟雨寄相思,Svip,76561198966183318,作弊封禁,2020-03-12,Inf,11,292,121,None,None,None
Eddy_Luo,None,76561199026734874,作弊封禁,2020-03-12,Inf,1,None,None,None,None,None
靓仔小荣,None,76561199032806697,作弊封禁,2020-03-12,Inf,0,None,None,None,None,None
又被我鹰到了呀,None,76561199032713581,作弊封禁,2020-03-12,Inf,0,None,None,None,None,None
pwiw45,None,76561199032194156,作弊封禁,2020-03-12,Inf,5,None,None,None,None,None
爱Sage,Vip,76561198320399090,作弊封禁,2020-03-12,Inf,1,None,None,P90,0.41,None
那时她还爱我,Vip,76561199030300170,作弊封禁,2020-03-12,Inf,0,None,None,None,None,None
2nsbse3,None,76561199017010982,作弊封禁,2020-03-12,Inf,9,None,None,Zeus x27,0.00,None
Xin_Ye,None,76561198926182616,作弊封禁,2020-03-12,Inf,3,None,None,AK47,0.63,None
求你补个枪,None,76561198415203927,作弊封禁,2020-03-12,Inf,33,None,None,AK47,0.41,mirage
嗷呜喵喵喵呜,None,76561199033180854,作弊封禁,2020-03-12,Inf,6,None,None,AWP,0.13,None
是大V请我发给,None,76561199031080064,作弊封禁,2020-03-12,Inf,0,None,None,AK47,0.56,None
嗷呜喵喵喵喵,None,76561199032718847,作弊封禁,2020-03-12,Inf,4,None,None,AWP,0.14,None
可以赢但没用,None,76561198986774455,作弊封禁,2020-03-12,Inf,0,None,None,None,None,None
终极老六hah,None,76561199033415320,作弊封禁,2020-03-12,Inf,0,None,None,None,None,None
共青第一突破手,None,76561199028428604,作弊封禁,2020-03-12,Inf,10,None,None,AK47,0.41,dust2
为你灬战苍穹,None,76561199032942270,作弊封禁,2020-03-12,Inf,1,None,None,None,None,None
小姨子的号,Svip,76561199027634735,作弊封禁,2020-03-12,Inf,17,21,28,None,None,None
kongrenji19610817,None,76561199004896608,作弊封禁,2020-03-12,Inf,1,None,None,MP9,0.31,inferno
奔跑的蜗牛1,None,76561198357256525,作弊封禁,2020-03-12,Inf,24,None,None,AK47,0.43,dust2
1998826mxyxj,Vip,76561198973513133,作弊封禁,2020-03-12,Inf,21,None,None,Galil,0.41,dust2
s1023016417,None,76561198286932616,作弊封禁,2020-03-12,Inf,8,None,None,AK47,0.45,cache
TuZz_3E3,None,76561199015393002,作弊封禁,2020-03-12,Inf,8,None,None,AK47,0.43,None
liyiliyiluoxi,None,76561199028204938,作弊封禁,2020-03-12,Inf,40,None,None,AWP,0.11,mirage
超音速奔跑的蝸牛,Vip,76561198382960596,作弊封禁,2020-03-12,Inf,13,None,None,AK47,0.34,mirage
ReincarnaTion、,None,76561198819117566,作弊封禁,2020-03-12,Inf,11,None,None,SG 553,0.41,inferno
本本的包皮垢QAQ,None,76561199003437980,作弊封禁,2020-03-12,Inf,3,None,None,P90,0.48,dust2
这我哪打得过啊,None,76561199031628000,作弊封禁,2020-03-12,Inf,0,None,None,None,None,None
JW的猪,None,76561199026935713,作弊封禁,2020-03-12,Inf,1,None,None,AWP,0.17,None
GA---50,None,76561199011712103,作弊封禁,2020-03-12,Inf,1,None,None,MP7,0.00,None
loatbic4446468,None,76561199026235537,作弊封禁,2020-03-12,Inf,2,None,None,AWP,0.05,None
ForeverLebron,None,76561199029021903,作弊封禁,2020-03-12,Inf,0,None,None,SG 553,0.21,None
我很遗憾,None,76561198968418118,作弊封禁,2020-03-12,Inf,14,None,None,Zeus x27,0.00,None
希望厉害,None,76561199031306618,作弊封禁,2020-03-12,Inf,1,None,None,AWP,0.14,None
独留、清风醉,Vip,76561198985649544,作弊封禁,2020-03-12,Inf,4,None,None,AK47,0.51,None
海龙厉害,Vip,76561199013079460,作弊封禁,2020-03-12,Inf,22,None,None,SG 553,0.54,inferno
索先生,None,76561198972618669,作弊封禁,2020-03-12,Inf,16,None,None,AK47,0.37,inferno
逮到就是笋干谬飒,Svip,76561198444374800,作弊封禁,2020-03-12,Inf,81,165,418,None,None,None
FnaticOpen,Vip,76561199031021906,作弊封禁,2020-03-12,Inf,20,None,None,AK47,0.74,None
质疑我你不配,None,76561199025135642,作弊封禁,2020-03-12,Inf,11,None,None,AWP,0.05,None
小佛先生,None,76561198293293895,作弊封禁,2020-03-12,Inf,7,None,None,SG 553,0.49,dust2
就让我空一次吧,Svip,76561199019639452,作弊封禁,2020-03-12,Inf,44,55,140,None,None,None
ygj65b,None,76561199027591226,作弊封禁,2020-03-12,Inf,4,None,None,AWP,0.06,None
纪凌尘chan,None,76561199026869373,作弊封禁,2020-03-12,Inf,22,None,None,AUG,0.61,inferno
鱼软,None,76561199026194218,作弊封禁,2020-03-12,Inf,7,None,None,AK47,0.34,inferno
谁说我还想她,None,76561199012832753,作弊封禁,2020-03-12,Inf,24,None,None,AK47,0.51,dust2
Килла,None,76561199028908487,作弊封禁,2020-03-12,Inf,7,None,None,AK47,0.60,None
i白泽丶,None,76561198876300725,作弊封禁,2020-03-12,Inf,0,None,None,None,None,None
白给大队长i,None,76561198423097243,作弊封禁,2020-03-12,Inf,14,None,None,Galil,0.52,None
"杰瑞,Jerry^LBET",Svip,76561199010678516,作弊封禁,2020-03-12,Inf,48,82,108,None,None,None
zuime,None,76561198070348937,作弊封禁,2020-03-12,Inf,0,None,None,AWP,0.08,None
你的飞飞酱,Vip,76561198811335166,作弊封禁,2020-03-12,Inf,23,None,None,AWP,0.10,inferno
Spary_NanNan,Svip,76561199023024583,作弊封禁,2020-03-12,Inf,60,45,191,None,None,None
1tap火箭头追,None,76561199026419900,作弊封禁,2020-03-12,Inf,14,None,None,None,None,None
我将青春翻涌成她,None,76561198423771533,作弊封禁,2020-03-12,Inf,14,None,None,SG 553,0.61,None
MGoh,None,76561198966787796,作弊封禁,2020-03-12,Inf,30,None,None,SG 553,0.64,None
Moguyo,Vip,76561198349419259,作弊封禁,2020-03-12,Inf,16,None,None,AK47,0.55,dust2
f9dy2k,None,76561199001011947,作弊封禁,2020-03-12,Inf,1,None,None,M4A4,0.45,None
甲亢枪王丨S1mple,None,76561199030926219,作弊封禁,2020-03-12,Inf,18,None,None,AK47,0.44,None
Krst4lZz,Vip,76561199025857825,作弊封禁,2020-03-12,Inf,1,None,None,None,None,None
露头必没,None,76561199018049396,作弊封禁,2020-03-12,Inf,0,None,None,None,None,None
Coward.Fool,Vip,76561199025517243,作弊封禁,2020-03-12,Inf,9,None,None,AK47,0.53,mirage
神卡,None,76561199023406238,作弊封禁,2020-03-12,Inf,2,None,None,None,None,None
QAZXCVFR,None,76561199032213103,作弊封禁,2020-03-12,Inf,0,None,None,None,None,None
mzy也太帅了吧,None,76561199031908368,作弊封禁,2020-03-12,Inf,1,None,None,Zeus x27,0.00,None
深渊来的神灵,None,76561199033101939,作弊封禁,2020-03-12,Inf,4,None,None,None,None,None
Kerrnys,Vip,76561198207076409,作弊封禁,2020-03-12,Inf,13,None,None,SG 553,0.44,dust2
Reykjavik21,None,76561198264910142,作弊封禁,2020-03-12,Inf,5,None,None,AWP,0.08,mirage
老谷ccc,None,76561198412973491,作弊封禁,2020-03-12,Inf,0,None,None,None,None,None
黄金刀,None,76561199028112876,作弊封禁,2020-03-12,Inf,24,None,None,AK47,0.39,dust2
2534574915,Vip,76561198302008880,作弊封禁,2020-03-12,Inf,0,None,None,Galil,0.50,None
梦虐心,None,76561198282357663,作弊封禁,2020-03-12,Inf,7,None,None,AK47,0.27,dust2
逃课两年半的鲲鲲,Vip,76561198433321636,作弊封禁,2020-03-12,Inf,0,None,None,None,None,None
林中等清风也等你,None,76561199026073584,作弊封禁,2020-03-12,Inf,14,None,None,SG 553,0.32,dust2
大大Chong,None,76561199028144952,作弊封禁,2020-03-12,Inf,25,None,None,AK47,0.73,None
我真不是嫌疑人啊,None,76561199032876985,作弊封禁,2020-03-12,Inf,2,None,None,None,None,None
我是燕双ying,None,76561199027124574,作弊封禁,2020-03-12,Inf,2,None,None,AK47,0.20,mirage
啥啥不行.,None,76561199033054250,作弊封禁,2020-03-12,Inf,0,None,None,None,None,None
xxcc1,Vip,76561198969952794,作弊封禁,2020-03-12,Inf,0,None,None,AWP,0.18,None
冶源新之助,Vip,76561199026900319,作弊封禁,2020-03-12,Inf,3,None,None,Galil,0.38,None
SNH48丶于谦,None,76561199031337371,作弊封禁,2020-03-12,Inf,0,None,None,None,None,None
老八蜜汁小汉堡u,None,76561199032730976,作弊封禁,2020-03-12,Inf,3,None,None,None,None,None
丹麦核心炮台,None,76561199031203659,作弊封禁,2020-03-12,Inf,4,None,None,AWP,0.12,None
香蕉菌哇偶,Vip,76561198806469090,作弊封禁,2020-03-12,Inf,0,None,None,None,None,None
Qzre,None,76561199032695550,作弊封禁,2020-03-12,Inf,7,None,None,SG 553,0.83,None
scw666110,Vip,76561198962008251,作弊封禁,2020-03-12,Inf,14,None,None,AK47,0.40,mirage
BOT丶4,None,76561199032943981,作弊封禁,2020-03-12,Inf,3,None,None,None,None,None
动动我试试gou儿子,None,76561199028235042,作弊封禁,2020-03-12,Inf,2,None,None,AK47,0.90,None
她说她很爱你,None,76561199026512948,作弊封禁,2020-03-12,Inf,18,None,None,P90,0.42,None
谈笑风生李某人,Vip,76561198435611373,作弊封禁,2020-03-12,Inf,24,None,None,AK47,0.32,overpass
属实没整明白,None,76561198401808481,作弊封禁,2020-03-12,Inf,4,None,None,None,None,None
Nice灬,None,76561198828641150,作弊封禁,2020-03-12,Inf,6,None,None,SG 553,0.53,None
8000里海岸,None,76561198854310565,作弊封禁,2020-03-12,Inf,22,None,None,AWP,0.11,mirage
Autism111,None,76561199025933371,作弊封禁,2020-03-12,Inf,63,None,None,AK47,0.46,inferno
梓涵tututu,None,76561199031310711,作弊封禁,2020-03-12,Inf,6,None,None,AWP,0.30,None
一颗松树,None,76561199030450887,作弊封禁,2020-03-12,Inf,31,None,None,AWP,0.13,None
Wend1go,None,76561199012106447,作弊封禁,2020-03-12,Inf,48,None,None,AWP,0.13,mirage
阿呆的叭叭,None,76561199030928698,作弊封禁,2020-03-12,Inf,14,None,None,SG 553,0.58,None
Viciy,None,76561199029582172,作弊封禁,2020-03-12,Inf,44,None,None,AK47,0.52,inferno
ㅤㅤㅤㅤ⚡ㅤㅤ,Svip,76561199025146195,作弊封禁,2020-03-12,Inf,33,33,76,None,None,None
我怕过冻结？,None,76561199032890381,作弊封禁,2020-03-12,Inf,12,None,None,AK47,0.88,None
nfintfiw,None,76561198412240930,作弊封禁,2020-03-12,Inf,3,None,None,None,None,None
小凯弟弟4,None,76561199030825912,作弊封禁,2020-03-12,Inf,2,None,None,CT SCAR20,0.15,None
厕所战神闸,None,76561199026254588,作弊封禁,2020-03-12,Inf,6,None,None,AWP,0.20,dust2
vpdpozx9515356,Svip,76561199026182743,作弊封禁,2020-03-12,Inf,37,32,22,None,None,None
我也想被偏爱吖,Svip,76561199026409725,作弊封禁,2020-03-12,Inf,16,3,12,None,None,None
uskptxa9946827,None,76561199026224840,作弊封禁,2020-03-12,Inf,3,None,None,SG 553,0.79,None
蓝冰之影,None,76561198810334550,作弊封禁,2020-03-12,Inf,2,None,None,None,None,None
EndlessStory,None,76561198105834645,作弊封禁,2020-03-12,Inf,1,None,None,AK47,0.43,None
PJY.,None,76561198929405859,作弊封禁,2020-03-12,Inf,0,None,None,None,None,None
你怕是思想有问题,None,76561198244190668,作弊封禁,2020-03-12,Inf,0,None,None,None,None,None
234qcy,None,76561198171255025,作弊封禁,2020-03-12,Inf,0,None,None,None,None,None
uzy89zc,Vip,76561199027416392,作弊封禁,2020-03-12,Inf,44,None,None,AK47,0.31,inferno
都市王兔子一号,None,76561199025382333,作弊封禁,2020-03-12,Inf,4,None,None,AWP,0.06,None
冻结了我继续玩,None,76561199030180827,作弊封禁,2020-03-12,Inf,36,None,None,AK47,0.60,None
bilibili^Niko,None,76561198990417342,作弊封禁,2020-03-12,Inf,61,None,None,M4A4,0.42,None
wanyesong2009r,None,76561199020136790,作弊封禁,2020-03-12,Inf,42,None,None,AK47,0.52,None
yaoqishuaisile,None,76561199006548603,作弊封禁,2020-03-12,Inf,24,None,None,SG 553,0.42,mirage
WEEEEEEEEED,None,76561198360396614,作弊封禁,2020-03-12,Inf,19,None,None,AK47,0.44,dust2
背身一下算我输、,None,76561199031137863,作弊封禁,2020-03-12,Inf,0,None,None,AK47,0.20,None
ghost593,None,76561198107715865,作弊封禁,2020-03-12,Inf,0,None,None,Galil,0.36,None
肉粥,None,76561199010026444,作弊封禁,2020-03-12,Inf,31,None,None,AK47,0.43,mirage
3325292556,None,76561199018382827,作弊封禁,2020-03-12,Inf,0,None,None,None,None,None
pown333,None,76561199029081408,作弊封禁,2020-03-12,Inf,5,None,None,None,None,None
油头油炸麻花,None,76561198978495526,作弊封禁,2020-03-12,Inf,2,None,None,M4A4,0.30,mirage
果果帅过吴亦凡,None,76561199030500553,作弊封禁,2020-03-12,Inf,11,None,None,AK47,0.42,None
yosupreme,None,76561199025139263,作弊封禁,2020-03-12,Inf,18,None,None,Zeus x27,0.00,inferno
Kkkk.LyNnJeR,Vip,76561199023125402,作弊封禁,2020-03-12,Inf,27,None,None,AK47,0.50,inferno
友田彩也香.,None,76561199031330767,作弊封禁,2020-03-12,Inf,4,None,None,AWP,0.09,None
guanyibei,None,76561198988236451,作弊封禁,2020-03-12,Inf,8,None,None,AWP,0.12,dust2
kevinzhoux,Vip,76561199005747390,作弊封禁,2020-03-12,Inf,3,None,None,None,None,None
gxgx6,None,76561199029559908,作弊封禁,2020-03-12,Inf,1,None,None,None,None,None
Shigure丨,None,76561198427756144,作弊封禁,2020-03-12,Inf,0,None,None,None,None,None
s1mple-陈刀仔,None,76561199031013703,作弊封禁,2020-03-12,Inf,1,None,None,M4A4,0.38,None
白给燕双鹰！,Svip,76561199006686292,作弊封禁,2020-03-12,Inf,16,68,152,None,None,None
东兴药杨哥,None,76561199030029175,作弊封禁,2020-03-12,Inf,17,None,None,AK47,0.53,inferno
犹豫败bei果断白gei,None,76561198844706370,作弊封禁,2020-03-12,Inf,0,None,None,None,None,None
Ankz,Svip,76561198993478757,作弊封禁,2020-03-12,Inf,19,148,117,None,None,None
vitoeee,Vip,76561198995758584,作弊封禁,2020-03-12,Inf,61,None,None,SG 553,0.34,mirage
莫迁归,Vip,76561199029178196,作弊封禁,2020-03-12,Inf,12,None,None,MP9,0.51,inferno
你这也能打到我？,Vip,76561199027098135,作弊封禁,2020-03-12,Inf,1,None,None,AK47,0.50,None
哈密瓜的味道,None,76561199024621753,破坏游戏秩序,2020-03-12,2020-03-17,46,None,242,Zeus x27,0.00,mirage
一发一个尼,Vip,76561199027078430,破坏游戏秩序,2020-03-12,2020-03-17,44,None,17,AK47,0.46,inferno
志气阿川,Vip,76561199026910447,破坏游戏秩序,2020-03-12,2020-03-17,23,None,7,AK47,0.52,None
突破手-Niko,Vip,76561199031477346,破坏游戏秩序,2020-03-12,2020-03-17,19,None,10,AK47,0.44,None
汤圆儿,Vip,76561198381167289,作弊封禁,2020-03-12,Inf,4,None,None,AWP,0.10,dust2
N1Kooo00,None,76561199012432485,作弊封禁,2020-03-12,Inf,24,None,None,AK47,0.45,mirage
500分扛把子,Svip,76561199010193976,作弊封禁,2020-03-12,Inf,22,90,48,None,None,None
发型总监GKing,Vip,76561198981284778,作弊封禁,2020-03-12,Inf,9,None,None,AK47,0.61,dust2
沐雪莉,Vip,76561198427366987,破坏游戏秩序,2020-03-12,2020-03-17,23,None,109,AK47,0.38,inferno
顶级自由人-lzzz,None,76561199030395738,作弊封禁,2020-03-12,Inf,16,None,None,AK47,0.52,mirage
laochaojun,Vip,76561198399664009,作弊封禁,2020-03-12,Inf,8,None,None,Negev,0.25,dust2
你与玫瑰皆为爱情,Svip,76561199026698588,作弊封禁,2020-03-12,Inf,15,24,15,None,None,None
大梦一场的董2千,None,76561199030432792,作弊封禁,2020-03-12,Inf,6,None,None,AWP,0.08,mirage
下饭好哥哥,None,76561199030905160,作弊封禁,2020-03-12,Inf,15,None,None,AK47,0.59,dust2
monesy^,None,76561199018638282,作弊封禁,2020-03-12,Inf,18,None,None,AK47,0.46,mirage
你拾七张牌能秒我,None,76561199031800509,作弊封禁,2020-03-12,Inf,5,None,None,AWP,0.12,None
我是小菜B别喷我,None,76561199027210081,作弊封禁,2020-03-12,Inf,4,None,None,SG 553,0.30,None
Z1ephyru1s,Vip,76561199025942822,作弊封禁,2020-03-12,Inf,33,None,None,AWP,0.15,inferno
♥樱岛麻衣T♥,None,76561199026988792,作弊封禁,2020-03-12,Inf,11,None,None,AK47,0.60,inferno
hacken96,None,76561198839912240,作弊封禁,2020-03-12,Inf,8,None,None,SG 553,0.35,mirage
Firstmarkeloff,Vip,76561198817527426,作弊封禁,2020-03-12,Inf,46,None,None,AWP,0.14,None
本尊还云图,None,76561199028942423,作弊封禁,2020-03-12,Inf,25,None,None,Zeus x27,0.00,None
NAVI_KOBI,Vip,76561198993860738,作弊封禁,2020-03-12,Inf,14,None,None,SG 553,0.35,inferno
10楼上有鬼,None,76561199026764796,作弊封禁,2020-03-12,Inf,5,None,None,SG 553,0.44,dust2
你把牛皮吹上天,Vip,76561198007824451,作弊封禁,2020-03-12,Inf,6,None,None,AK47,0.29,inferno
稳健的少年,None,76561198425015268,作弊封禁,2020-03-12,Inf,6,None,None,SG 553,0.59,None
lualove,None,76561199028673375,作弊封禁,2020-03-12,Inf,14,None,None,AWP,0.08,None
KLMY·WJR,Svip,76561198815460035,作弊封禁,2020-03-12,Inf,20,126,100,None,None,None
viewbliss,None,76561198873210991,作弊封禁,2020-03-12,Inf,7,None,None,AK47,0.46,mirage
MOUZ的ropz,None,76561199030670734,作弊封禁,2020-03-12,Inf,18,None,None,AWP,0.07,None
我可太猛了,None,76561199031436779,作弊封禁,2020-03-12,Inf,11,None,None,AK47,0.63,None
慢慢的干,None,76561198992570542,破坏游戏秩序,2020-03-12,2020-03-17,74,None,129,AK47,0.32,dust2
1839136340,None,76561199031180205,破坏游戏秩序,2020-03-12,2020-03-17,29,None,29,AK47,0.42,inferno
Noctis233,None,76561198346602357,破坏游戏秩序,2020-03-12,2020-03-17,58,None,308,AK47,0.36,train
卟卟小仙狗,None,76561198356560959,破坏游戏秩序,2020-03-12,2020-03-19,16,None,116,Desert Eagle,0.33,None
Aries.z,Vip,76561199030209072,破坏游戏秩序,2020-03-12,2020-03-17,17,None,6,AK47,0.46,None
fbzhebm6491346,None,76561199026341215,破坏游戏秩序,2020-03-12,2020-03-19,35,None,13,AK47,0.58,None
瞄了半天没打着,None,76561199028172502,作弊封禁,2020-03-12,Inf,7,None,None,AK47,0.37,None
棒！不愧是我,None,76561199031030054,破坏游戏秩序,2020-03-12,2020-03-19,15,None,3,Zeus x27,0.00,None
镇滇王沈玠,None,76561199012409064,破坏游戏秩序,2020-03-12,2020-03-19,48,None,29,AK47,0.32,dust2
牛子好香,None,76561199030857156,破坏游戏秩序,2020-03-12,2020-03-19,15,None,13,AK47,0.51,None
vgcjhdl1whp_4bdkxy,None,76561199024750125,作弊封禁,2020-03-12,Inf,14,None,None,AK47,0.50,None
牛子好吃吗,None,76561199030964158,破坏游戏秩序,2020-03-12,2020-03-19,16,None,13,Desert Eagle,0.34,None
我很厉害123,None,76561199028246953,作弊封禁,2020-03-12,Inf,37,None,None,MP7,0.77,None
这™又违规了？,None,76561199030981326,作弊封禁,2020-03-12,Inf,13,None,None,None,None,None
用户名在审核中,None,76561198323345297,破坏游戏秩序,2020-03-12,2020-03-17,59,None,823,AK47,0.40,cache
在你后面q,None,76561199031543802,破坏游戏秩序,2020-03-12,2020-03-19,16,None,5,AK47,0.32,None
她曾满目星河,Vip,76561198983302207,作弊封禁,2020-03-12,Inf,33,None,None,AK47,0.71,inferno
PENG-1P,Vip,76561199013001104,作弊封禁,2020-03-12,Inf,45,None,None,AK47,0.53,inferno
匪幻荒荒,Vip,76561199022325483,作弊封禁,2020-03-12,Inf,36,None,None,Desert Eagle,0.84,None
枪法逐渐老六,None,76561199031149216,破坏游戏秩序,2020-03-12,2020-03-19,12,None,3,AK47,0.27,None
WK丶KAI,None,76561198070309466,破坏游戏秩序,2020-03-12,2020-03-19,14,None,83,AK47,0.51,None
Nikedis,None,76561198273149774,作弊封禁,2020-03-12,Inf,63,None,None,Galil,0.39,inferno
婊怡,None,76561199023558868,作弊封禁,2020-03-12,Inf,47,None,None,SG 553,0.52,dust2
i1cy,None,76561198413881129,作弊封禁,2020-03-12,Inf,61,None,None,SG 553,0.37,inferno
JR❤灬,Vip,76561198356982938,作弊封禁,2020-03-12,Inf,18,None,None,AWP,0.13,dust2
乔碧萝榜一大哥,None,76561198860020267,作弊封禁,2020-03-12,Inf,18,None,None,SG 553,0.42,inferno
海琴烟的骑士,None,76561199029201570,破坏游戏秩序,2020-03-12,2020-03-19,19,None,15,AK47,0.33,None
陈爷工作室,None,76561198894135272,破坏游戏秩序,2020-03-12,2020-03-19,51,None,129,AWP,0.09,dust2
打爆猥琐的狗头,None,76561199031966374,作弊封禁,2020-03-12,Inf,19,None,None,None,None,None
✨斗鱼5789344,None,76561199031439624,破坏游戏秩序,2020-03-12,2020-03-19,23,None,11,AK47,0.41,dust2
我有一妹名叫穹,None,76561198411384129,作弊封禁,2020-03-12,Inf,18,None,None,SG 553,0.42,mirage
铁骨铮铮王镜泽,None,76561198870905831,破坏游戏秩序,2020-03-12,2020-04-12,19,None,291,AK47,0.46,mirage
JasonStatham，,None,76561199028326525,作弊封禁,2020-03-12,Inf,15,None,None,AK47,0.49,None
教练我想当老⑥,Svip,76561198990990883,作弊封禁,2020-03-12,Inf,100,47,183,None,None,None
求求你别在秒我了,None,76561199027348572,作弊封禁,2020-03-12,Inf,36,None,None,AK47,0.60,inferno
ʚ球球惹ɞ,None,76561198965292316,作弊封禁,2020-03-12,Inf,51,None,None,AK47,0.69,train
71岁老年想打PL,Svip,76561198118661331,作弊封禁,2020-03-12,Inf,76,179,444,None,None,None
万物桑佛,Vip,76561198411341906,作弊封禁,2020-03-12,Inf,38,None,None,AWP,0.12,dust2
对面大哥轻点,None,76561199030790052,作弊封禁,2020-03-12,Inf,16,None,None,SG 553,0.37,None
水之高兴-,Svip,76561198423430638,作弊封禁,2020-03-12,Inf,32,13,42,None,None,None
ukeepearlyhours,None,76561198976340628,作弊封禁,2020-03-12,Inf,5,None,None,AWP,0.07,None
宋.天天白给.书航,None,76561198816851052,游戏中恶意挂机,2020-03-12,2020-04-12,16,None,154,AK47,0.32,None
zihan213,None,76561198432316199,作弊封禁,2020-03-12,Inf,2,None,None,None,None,None
陆政廷xxx,Vip,76561198417449644,作弊封禁,2020-03-12,Inf,17,None,None,SG 553,0.26,inferno
酒⚡,Svip,76561198277995044,作弊封禁,2020-03-12,Inf,19,16,23,None,None,None
idjz843844,None,76561199026502282,作弊封禁,2020-03-12,Inf,36,None,None,AK47,0.60,inferno
真白不是椎名,None,76561199031036210,作弊封禁,2020-03-12,Inf,14,None,None,AWP,0.16,None
aa5710,None,76561198412920242,作弊封禁,2020-03-12,Inf,20,None,None,UMP,0.34,dust2
76Tabbycat,Svip,76561198820151117,作弊封禁,2020-03-12,Inf,18,34,98,None,None,None
cdj980520,None,76561198831401502,作弊封禁,2020-03-12,Inf,0,None,None,XM1014,0.39,None
除非花手摇过我Hh,Svip,76561198243980296,作弊封禁,2020-03-12,Inf,9,260,27,None,None,None
ｋｏ,None,76561198981275321,破坏游戏秩序,2020-03-12,2020-03-19,10,None,9,AK47,0.45,None
电脑玩家李爱华,None,76561199028142481,作弊封禁,2020-03-12,Inf,13,None,None,AWP,0.06,None
Summerays,None,76561198275424875,作弊封禁,2020-03-12,Inf,0,None,None,AK47,0.43,inferno
911-,None,76561198962458450,作弊封禁,2020-03-12,Inf,32,None,None,AK47,0.39,mirage
被动的哥,Vip,76561198215089313,作弊封禁,2020-03-12,Inf,44,None,None,AK47,0.68,inferno
我想she点什么,None,76561199028715666,作弊封禁,2020-03-12,Inf,23,None,None,M4A4,0.56,inferno
博叔叔,None,76561198399412149,作弊封禁,2020-03-12,Inf,9,None,None,AWP,0.12,dust2
顾鑫宇傻子,None,76561198817937113,作弊封禁,2020-03-12,Inf,1,None,None,SG 553,0.26,dust2
超级无敌睿睿,None,76561199030719755,作弊封禁,2020-03-12,Inf,2,None,None,None,None,None
啥啥不不.,None,76561199033035720,作弊封禁,2020-03-12,Inf,0,None,None,None,None,None
ltya15,None,76561199031509254,作弊封禁,2020-03-12,Inf,5,None,None,CT SCAR20,0.79,None
小凯弟弟5,None,76561199030587327,作弊封禁,2020-03-12,Inf,0,None,None,AWP,0.06,None
就炸你气不气,None,76561199017192164,作弊封禁,2020-03-12,Inf,3,None,None,None,None,None
反手就是YI枪,Vip,76561198825224619,作弊封禁,2020-03-12,Inf,5,None,None,AK47,0.54,None
听说你对我心动,None,76561199005449131,作弊封禁,2020-03-12,Inf,0,None,None,None,None,None
8yixt,None,76561199003372248,作弊封禁,2020-03-12,Inf,0,None,None,AK47,0.25,None
魔王_Dvivier,None,76561199028755819,作弊封禁,2020-03-12,Inf,40,None,None,AK47,0.29,None
阿秋升级版,Vip,76561199032103206,作弊封禁,2020-03-12,Inf,30,None,None,None,None,None
左手一弹指,None,76561199026212907,作弊封禁,2020-03-12,Inf,16,None,None,AK47,0.83,None
千里驰援杨华聪,None,76561199028155397,作弊封禁,2020-03-12,Inf,14,None,None,AK47,0.56,mirage
白给少年不想给,None,76561198402779765,作弊封禁,2020-03-12,Inf,1,None,None,None,None,None
xzx062300,None,76561198245160916,作弊封禁,2020-03-12,Inf,1,None,None,USP Silencer On,1.00,None
Reality*雷火杯,None,76561198870523435,作弊封禁,2020-03-12,Inf,3,None,None,AK47,0.67,None
SHI1ee,None,76561198864554148,作弊封禁,2020-03-12,Inf,30,None,None,AWP,0.12,inferno
东北爬山虎giao,None,76561199027662703,作弊封禁,2020-03-12,Inf,22,None,None,AK47,0.49,inferno
chuaN$hot4U,Svip,76561198968993186,作弊封禁,2020-03-12,Inf,54,145,182,None,None,None
k3kj4jogn31jaharyll5000,None,76561198431221980,作弊封禁,2020-03-12,Inf,7,None,None,None,None,None
十二·3·,None,76561199029498441,作弊封禁,2020-03-12,Inf,6,None,None,SG 553,0.64,inferno
theonenhup,Svip,76561199010743055,作弊封禁,2020-03-12,Inf,47,76,68,None,None,None
每天打一把,None,76561198374873975,作弊封禁,2020-03-12,Inf,5,None,None,AUG,0.25,dust2
YinyoungRen|QZ,None,76561199026818304,作弊封禁,2020-03-12,Inf,1,None,None,AWP,0.05,None
我柜孑动了,None,76561199031337856,作弊封禁,2020-03-12,Inf,10,None,None,M4A4,0.45,None
chenzhuo147,Vip,76561198962261361,作弊封禁,2020-03-12,Inf,17,None,None,AK47,0.52,overpass
千里驰援李文鼎,Svip,76561198438275551,作弊封禁,2020-03-12,Inf,5,86,19,None,None,None
雁南飞qqqq,None,76561198856967482,作弊封禁,2020-03-12,Inf,4,None,None,AWP,0.07,inferno
18岁小富婆,None,76561198975825607,作弊封禁,2020-03-12,Inf,0,None,None,None,None,None
广安记者,None,76561198125220253,作弊封禁,2020-03-12,Inf,50,None,None,AK47,0.44,inferno
秋啾,Svip,76561199027526592,作弊封禁,2020-03-12,Inf,32,8,28,None,None,None
你午睡了么66,None,76561199029664788,作弊封禁,2020-03-12,Inf,0,None,None,Bizon,0.50,None
源今天百词斩了嘛,None,76561199025995543,作弊封禁,2020-03-12,Inf,6,None,None,None,None,None
赵县狙神,None,76561199031525382,作弊封禁,2020-03-12,Inf,1,None,None,Zeus x27,0.00,None
iN_3FreE,None,76561198295599633,作弊封禁,2020-03-12,Inf,6,None,None,AK47,0.41,mirage
菇凉别晃我晕乃,Vip,76561199026803700,作弊封禁,2020-03-12,Inf,12,None,None,AK47,0.50,inferno
eyoushi19970816,None,76561199029602780,作弊封禁,2020-03-12,Inf,0,None,None,AK47,0.53,None
loya1.,None,76561199030896830,作弊封禁,2020-03-12,Inf,4,None,None,None,None,None
逗比叫来的猴子,None,76561198433429902,作弊封禁,2020-03-12,Inf,0,None,None,None,None,None
茄子的小舅子,Vip,76561198976759258,作弊封禁,2020-03-12,Inf,1,None,None,None,None,None
春风gg,None,76561199030676669,作弊封禁,2020-03-12,Inf,33,None,None,AK47,0.45,None
a2115472533,None,76561199032798639,作弊封禁,2020-03-12,Inf,1,None,None,None,None,None
你和月亮一样红,None,76561199032388238,作弊封禁,2020-03-12,Inf,1,None,None,Desert Eagle,0.92,None
王王黑,None,76561199030813695,作弊封禁,2020-03-12,Inf,0,None,None,None,None,None
lalal1l,None,76561199028956267,作弊封禁,2020-03-12,Inf,2,None,None,AK47,0.30,None
随缘AKOnline飘,None,76561198855502309,作弊封禁,2020-03-12,Inf,0,None,None,None,None,None
ka9gdqc,None,76561199029687747,作弊封禁,2020-03-12,Inf,3,None,None,SG 553,0.27,None
乌拉！=。=,None,76561199024546058,作弊封禁,2020-03-12,Inf,0,None,None,None,None,None
Танакакодзё,None,76561198321561438,作弊封禁,2020-03-12,Inf,0,None,None,None,None,None
WDASD111,None,76561198819267282,作弊封禁,2020-03-12,Inf,2,None,None,SG 553,0.00,None
C4先生,None,76561198967924863,作弊封禁,2020-03-12,Inf,1,None,None,Bizon,0.21,dust2
巴索罗缪,None,76561198332443026,作弊封禁,2020-03-12,Inf,1,None,None,AK47,0.09,None
卢本伟丶5555k,None,76561199028239657,作弊封禁,2020-03-12,Inf,10,None,None,AK47,0.63,None
wdnmd爬,None,76561199030714391,作弊封禁,2020-03-12,Inf,7,None,None,AK47,0.92,None
Amo丶1,None,76561199032742824,作弊封禁,2020-03-12,Inf,8,None,None,AK47,0.86,None
电脑玩家乌拉,None,76561199024904574,作弊封禁,2020-03-12,Inf,2,None,None,Galil,0.59,dust2
江湖赌少,None,76561199031564879,作弊封禁,2020-03-12,Inf,1,None,None,SG 553,0.43,None
可爱aa,None,76561199029663966,作弊封禁,2020-03-12,Inf,2,None,None,None,None,None
巴珂妍,None,76561199012408292,作弊封禁,2020-03-12,Inf,6,None,None,Galil,0.25,None
wzz992,Vip,76561199030562823,作弊封禁,2020-03-12,Inf,0,None,None,M4A4,0.46,None
益绮丽,None,76561199012087898,作弊封禁,2020-03-12,Inf,6,None,None,AWP,0.18,None
安仔！,Vip,76561198974942993,作弊封禁,2020-03-12,Inf,21,None,None,AK47,0.34,mirage
바람과같다,None,76561198410558021,作弊封禁,2020-03-12,Inf,2,None,None,None,None,None
ncf2fb,None,76561199029757256,作弊封禁,2020-03-12,Inf,6,None,None,AWP,0.16,None
可以奶思,None,76561199032518742,作弊封禁,2020-03-12,Inf,0,None,None,None,None,None
Flamie_5,None,76561199031489245,作弊封禁,2020-03-12,Inf,10,None,None,AK47,0.57,None
1TapAZZZA,None,76561199028263417,作弊封禁,2020-03-12,Inf,0,None,None,None,None,None
我是舔Dog,None,76561199003449584,作弊封禁,2020-03-12,Inf,5,None,None,M4A4,0.28,dust2
RIP`kobe,None,76561199017099334,作弊封禁,2020-03-12,Inf,15,None,None,Galil,0.30,inferno
xxx柯基憨批xxx,None,76561199031275721,作弊封禁,2020-03-12,Inf,10,None,None,AK47,0.80,None
AK1111,Vip,76561199024295579,作弊封禁,2020-03-12,Inf,10,None,None,SG 553,0.51,None
山人自有妙用.,Vip,76561199031422687,作弊封禁,2020-03-12,Inf,0,None,None,SG 553,0.25,None
TheFunnyWind,None,76561198420700866,作弊封禁,2020-03-12,Inf,0,None,None,None,None,None
周杰伦分伦♥,None,76561199031784419,作弊封禁,2020-03-12,Inf,3,None,None,AK47,0.68,None
你的小可爱给我,None,76561198242945474,作弊封禁,2020-03-12,Inf,0,None,None,None,None,None
我太菜了别喷我,None,76561199021977001,作弊封禁,2020-03-12,Inf,0,None,None,None,None,None
胡大哎.,None,76561199031042480,作弊封禁,2020-03-12,Inf,4,None,None,AK47,0.33,None
她与残局是遗憾,None,76561199027810976,作弊封禁,2020-03-12,Inf,0,None,None,None,None,None
Korian,None,76561198405028739,作弊封禁,2020-03-12,Inf,1,None,None,None,None,None
干上大地球,None,76561198980974513,作弊封禁,2020-03-12,Inf,1,None,None,AK47,0.57,None
onetap.oldsix,Svip,76561199012411224,作弊封禁,2020-03-12,Inf,18,46,90,None,None,None
TETE很菜,Vip,76561199027159063,作弊封禁,2020-03-12,Inf,4,None,None,AWP,0.09,None
今天又流泪了嘛,None,76561199031118665,作弊封禁,2020-03-12,Inf,9,None,None,AWP,0.05,None
shicccc,Svip,76561199026379310,作弊封禁,2020-03-12,Inf,7,32,9,None,None,None
cuzz123,None,76561198961622219,作弊封禁,2020-03-12,Inf,0,None,None,None,None,None
frfe755195,None,76561199026223511,作弊封禁,2020-03-12,Inf,0,None,None,M4A4,0.18,None
头孢真好吃,None,76561199031078062,作弊封禁,2020-03-12,Inf,5,None,None,None,None,None
蔚任真,None,76561199013437403,作弊封禁,2020-03-12,Inf,1,None,None,SG 553,0.50,None
胡天闻,None,76561199031870796,作弊封禁,2020-03-12,Inf,0,None,None,None,None,None
gkpj225176,None,76561199029953028,作弊封禁,2020-03-12,Inf,6,None,None,AWP,0.04,None
Astralis的狗,None,76561199032131980,作弊封禁,2020-03-12,Inf,3,None,None,None,None,None
白给玩家十七,None,76561198869645314,作弊封禁,2020-03-12,Inf,0,None,None,None,None,None
三水最帅,Vip,76561198968230138,作弊封禁,2020-03-12,Inf,4,None,None,AWP,0.08,None
眸中烈火,Svip,76561198818382020,作弊封禁,2020-03-12,Inf,26,148,116,None,None,None
fuckinghenry,None,76561199032823449,作弊封禁,2020-03-12,Inf,0,None,None,None,None,None
S1mpIeee,Vip,76561198192675905,作弊封禁,2020-03-12,Inf,12,None,None,AK47,0.60,None
简单boy.s1mple,None,76561198211801189,作弊封禁,2020-03-12,Inf,18,None,None,SG 553,0.32,mirage
wubowen02,None,76561198111887520,作弊封禁,2020-03-12,Inf,2,None,None,None,None,None
你上不去,None,76561199031968582,作弊封禁,2020-03-12,Inf,2,None,None,Zeus x27,0.00,None
小林菜奈-,None,76561199029121210,作弊封禁,2020-03-12,Inf,0,None,None,None,None,None
塞班！！！！,None,76561199031310904,作弊封禁,2020-03-12,Inf,2,None,None,AWP,0.04,None
翔阳,None,76561199015837154,作弊封禁,2020-03-12,Inf,3,None,None,AWP,0.07,None
来自0731,Svip,76561198192333010,作弊封禁,2020-03-12,Inf,23,67,252,None,None,None
vdqchz,Vip,76561199027123485,作弊封禁,2020-03-12,Inf,17,None,None,AK47,0.50,inferno
UsedTo,None,76561198142988890,作弊封禁,2020-03-12,Inf,14,None,None,AK47,0.54,dust2
黑白双煞66,None,76561198972728925,作弊封禁,2020-03-12,Inf,11,None,None,None,None,None
小麻子欸,None,76561198973207393,作弊封禁,2020-03-12,Inf,7,None,None,AWP,0.10,dust2
iKatouMegumi,None,76561198314010470,作弊封禁,2020-03-12,Inf,10,None,None,CT SCAR20,0.82,None
高人坟墓··,None,76561198137774453,作弊封禁,2020-03-12,Inf,1,None,None,None,None,None
飘飘欲仙李飘飘,None,76561199030923692,作弊封禁,2020-03-12,Inf,4,None,None,AK47,0.24,None
FPS爱好者4Vqvw,None,76561198823220776,作弊封禁,2020-03-12,Inf,0,None,None,None,None,None
GuaiKa418,None,76561198302606578,作弊封禁,2020-03-12,Inf,0,None,None,None,None,None
迷你百事可乐,None,76561198425624288,作弊封禁,2020-03-12,Inf,0,None,None,None,None,None
栋妖,Vip,76561198844298666,作弊封禁,2020-03-12,Inf,1,None,None,None,None,None
一发子弹打进你心,Vip,76561198996243944,作弊封禁,2020-03-12,Inf,34,None,None,AK47,0.37,cache
仨拾,None,76561198814645531,作弊封禁,2020-03-12,Inf,2,None,None,None,None,None
爱玩喷子的包子啊,Svip,76561199025170165,作弊封禁,2020-03-12,Inf,43,29,91,None,None,None
qiqi.,None,76561198969021311,作弊封禁,2020-03-12,Inf,0,None,None,None,None,None
马媛真美呀,None,76561199026766310,作弊封禁,2020-03-12,Inf,12,None,None,SG 553,0.55,None
2ta74,Vip,76561198997927752,作弊封禁,2020-03-12,Inf,39,None,None,AK47,0.65,None
dxpqdcv,None,76561199029320834,作弊封禁,2020-03-12,Inf,40,None,None,SG 553,0.32,dust2
零加德,None,76561199027577757,作弊封禁,2020-03-12,Inf,54,None,None,AK47,0.44,inferno
cs老兵老mA,None,76561198866728590,作弊封禁,2020-03-12,Inf,36,None,None,AK47,0.49,dust2
NIEOCHAO,Svip,76561198367070215,作弊封禁,2020-03-12,Inf,32,32,87,None,None,None
小PP爱吃肉咩丶,Vip,76561198280207724,作弊封禁,2020-03-12,Inf,4,None,None,SG 553,0.40,None
hgeNDnPORt,None,76561199031131180,作弊封禁,2020-03-12,Inf,0,None,None,AK47,0.95,None
康康不是康康,None,76561199021220417,作弊封禁,2020-03-12,Inf,4,None,None,None,None,None
冬天丢了林公主,Vip,76561199027145352,作弊封禁,2020-03-12,Inf,38,None,None,AK47,0.68,inferno
嘻嘻哈哈47,None,76561199031752822,作弊封禁,2020-03-12,Inf,2,None,None,AK47,0.55,None
Austani,None,76561199032036842,作弊封禁,2020-03-12,Inf,2,None,None,M4A4,0.06,None
yh9793,None,76561198213585605,作弊封禁,2020-03-12,Inf,3,None,None,None,None,None
龙鼠龙鼠,None,76561198108843898,作弊封禁,2020-03-12,Inf,4,None,None,AK47,0.17,None
哦系给哦系给,None,76561199030595102,作弊封禁,2020-03-12,Inf,0,None,None,SSG08,1.00,None
虾丸er,None,76561198360667556,作弊封禁,2020-03-12,Inf,0,None,None,None,None,None
fiveEinSMIN,None,76561199030331504,作弊封禁,2020-03-12,Inf,12,None,None,SSG08,0.82,None
X`,Vip,76561198293186830,破坏游戏秩序,2020-03-12,2020-05-12,18,None,506,AK47,0.57,inferno
万达老母鸡,None,76561198893995514,作弊封禁,2020-03-12,Inf,10,None,None,Desert Eagle,0.86,None
今晚八点不见不散,None,76561199030707459,作弊封禁,2020-03-12,Inf,4,None,None,AK47,0.64,None
天相星,None,76561199025236255,作弊封禁,2020-03-12,Inf,43,None,None,AK47,0.58,None
广州余汶乐,None,76561199031580418,作弊封禁,2020-03-12,Inf,2,None,None,M4A4,0.74,None
su6m6e,None,76561199027408535,作弊封禁,2020-03-12,Inf,5,None,None,SG 553,0.34,None
deadfishcaicai,None,76561199032001749,作弊封禁,2020-03-12,Inf,1,None,None,SG 553,0.21,None
只有梦想而已1,None,76561199028127921,作弊封禁,2020-03-12,Inf,4,None,None,None,None,None
creazwind,None,76561198257485869,作弊封禁,2020-03-12,Inf,0,None,None,None,None,None
清风徐来￥,None,76561199029000238,作弊封禁,2020-03-12,Inf,1,None,None,SG 553,0.37,None
我真的真的开了啊,None,76561199032884567,作弊封禁,2020-03-12,Inf,9,None,None,AK47,0.38,None
TianQEEEE,Vip,76561199019385771,作弊封禁,2020-03-12,Inf,2,None,None,AK47,0.91,None
兔兔敲可爱,None,76561199029556185,作弊封禁,2020-03-12,Inf,6,None,None,AWP,0.00,None
跨下一杆枪biu,None,76561198812175789,作弊封禁,2020-03-12,Inf,1,None,None,AWP,0.07,None
YessShroud,None,76561199012887781,作弊封禁,2020-03-12,Inf,1,None,None,None,None,None
飞机不会打灰机,None,76561198891248161,作弊封禁,2020-03-12,Inf,4,None,None,AK47,0.31,None
余成行,None,76561198443842971,作弊封禁,2020-03-12,Inf,0,None,None,None,None,None
叶完,None,76561199032065646,作弊封禁,2020-03-12,Inf,17,None,None,AWP,0.09,None
168213640,None,76561199032143142,作弊封禁,2020-03-12,Inf,10,None,None,AK47,0.21,None
尹尧,None,76561198969140577,作弊封禁,2020-03-12,Inf,1,None,None,None,None,None
欧尼酱。带斯ki,None,76561198968546193,作弊封禁,2020-03-12,Inf,0,None,None,None,None,None
Etitan,None,76561198114064372,作弊封禁,2020-03-12,Inf,8,None,None,SG 553,0.34,mirage
lczsss,None,76561199031162632,作弊封禁,2020-03-12,Inf,1,None,None,None,None,None
爱弹珠珠的跳跳虎,Vip,76561198240446970,作弊封禁,2020-03-12,Inf,5,None,None,AWP,0.07,mirage
你好马新宇.,None,76561198899064572,作弊封禁,2020-03-12,Inf,2,None,None,None,None,None
AKA灰太狼,None,76561199032893075,作弊封禁,2020-03-12,Inf,6,None,None,None,None,None
超级无敌霹雳睿睿,None,76561199030928744,作弊封禁,2020-03-12,Inf,2,None,None,None,None,None
我爱吃蝙蝠,None,76561199033207564,作弊封禁,2020-03-12,Inf,1,None,None,None,None,None
随时ATM,None,76561199027035154,作弊封禁,2020-03-12,Inf,9,None,None,AWP,0.11,None
1270765373,None,76561199032835845,作弊封禁,2020-03-12,Inf,3,None,None,None,None,None
一分钟白给get！,None,76561199031505421,作弊封禁,2020-03-12,Inf,2,None,None,AWP,0.00,None
s1mpIe^^,None,76561199032983430,作弊封禁,2020-03-12,Inf,6,None,None,None,None,None
周瑜い,None,76561199031762005,作弊封禁,2020-03-12,Inf,0,None,None,AK47,0.06,None
我很厉害16513413,None,76561199028445450,作弊封禁,2020-03-12,Inf,11,None,None,AK47,0.44,None
超稳3115696219,None,76561199033335035,作弊封禁,2020-03-12,Inf,4,None,None,SG 553,0.94,None
此生只爱夏娜一人,None,76561198362251100,作弊封禁,2020-03-12,Inf,29,None,None,AK47,0.45,overpass
就这样一辈子把,Vip,76561199016805416,作弊封禁,2020-03-12,Inf,5,None,None,None,None,None
嘴臭少年s4mple,None,76561199028703430,作弊封禁,2020-03-12,Inf,0,None,None,None,None,None
diao炸tian,None,76561199029955643,作弊封禁,2020-03-12,Inf,1,None,None,AK47,0.35,None
..ZywOo.,None,76561199031637951,作弊封禁,2020-03-12,Inf,9,None,None,AWP,0.04,None
打一把举报一把,None,76561199032789079,作弊封禁,2020-03-12,Inf,0,None,None,None,None,None
小叮当肯定开了,None,76561199012846970,作弊封禁,2020-03-12,Inf,1,None,None,None,None,None
牛掰拉克丝,None,76561199028231407,作弊封禁,2020-03-12,Inf,6,None,None,None,None,None
motkyin,None,76561198129571979,作弊封禁,2020-03-12,Inf,1,None,None,None,None,None
锤子丶弟弟,Vip,76561199028567525,作弊封禁,2020-03-12,Inf,2,None,None,None,None,None
二刺猿玩家^^,None,76561199033007373,作弊封禁,2020-03-12,Inf,1,None,None,None,None,None
嫌疑人黑号,None,76561199032903580,作弊封禁,2020-03-12,Inf,2,None,None,None,None,None
用心做鸭,None,76561199005919018,作弊封禁,2020-03-12,Inf,14,None,None,AK47,0.42,inferno
NaVi_SupperShoot,None,76561199030965050,作弊封禁,2020-03-12,Inf,1,None,None,M4A4,0.13,None
YoungAceYue,None,76561198389784184,作弊封禁,2020-03-12,Inf,1,None,None,AK47,0.42,mirage
lwz20020527,None,76561199010322807,作弊封禁,2020-03-12,Inf,0,None,None,None,None,None
才才我爱你,None,76561199031939010,作弊封禁,2020-03-12,Inf,1,None,None,SG 553,0.29,None
章鱼哥°,None,76561199031973179,作弊封禁,2020-03-12,Inf,1,None,None,AWP,0.08,None
甘宁い,None,76561199033238108,作弊封禁,2020-03-12,Inf,0,None,None,None,None,None
wslxl0812,None,76561198177354882,作弊封禁,2020-03-12,Inf,0,None,None,None,None,None
这一枪叫解脱,Svip,76561198408871848,作弊封禁,2020-03-12,Inf,13,859,163,None,None,None
神判,Vip,76561199016604339,作弊封禁,2020-03-12,Inf,4,None,None,None,None,None
Fade丶涛,None,76561199015341961,作弊封禁,2020-03-12,Inf,1,None,None,AK47,0.34,dust2
乌龙院大恶人,Vip,76561199013130279,作弊封禁,2020-03-12,Inf,19,None,None,AWP,0.05,None
XY0测试员,None,76561199032881558,作弊封禁,2020-03-12,Inf,1,None,None,G3SG1(T),0.80,None
ottop,None,76561199032940056,作弊封禁,2020-03-12,Inf,11,None,None,M4A4,0.79,None
EdisonB,None,76561199032274968,作弊封禁,2020-03-12,Inf,0,None,None,None,None,None
ut将军,None,76561198970610847,作弊封禁,2020-03-12,Inf,0,None,None,None,None,None
亦似天使亦是魔,Vip,76561199032405719,作弊封禁,2020-03-12,Inf,3,None,None,AWP,0.14,None
抠脚丶小仙女儿,None,76561198858408748,作弊封禁,2020-03-12,Inf,3,None,None,None,None,None
CDK1V5,None,76561199023491875,作弊封禁,2020-03-12,Inf,25,None,None,AK47,0.63,None
a帧特当,None,76561199032270972,作弊封禁,2020-03-12,Inf,0,None,None,None,None,None
SinMr,Vip,76561198140132054,作弊封禁,2020-03-12,Inf,24,None,None,AK47,0.44,overpass
新加坡剑圣,None,76561199024610957,作弊封禁,2020-03-12,Inf,4,None,None,CT SCAR20,0.83,None
肉骨茶の崛起,None,76561199033020946,作弊封禁,2020-03-12,Inf,4,None,None,CT SCAR20,0.33,None
TylooWuzilv,Vip,76561199019870152,作弊封禁,2020-03-12,Inf,0,None,None,None,None,None
Deathall,None,76561198104310484,作弊封禁,2020-03-12,Inf,1,None,None,M4A1 Silencer On,0.15,None
你就拉我呗,Vip,76561198847492580,作弊封禁,2020-03-12,Inf,0,None,None,None,None,None
迟钝补枪手,Vip,76561199020352381,作弊封禁,2020-03-12,Inf,8,None,None,AK47,0.48,mirage
碎碎廿,None,76561198985744892,作弊封禁,2020-03-12,Inf,0,None,None,None,None,None
重新战斗,None,76561199031480494,作弊封禁,2020-03-12,Inf,16,None,None,AK47,0.57,None
亚洲_悍匪,None,76561198998265834,作弊封禁,2020-03-12,Inf,4,None,None,AK47,0.42,mirage
Navi的Boombl4本尊,None,76561199030577185,作弊封禁,2020-03-12,Inf,6,None,None,SG 553,0.33,None
白给青年老八,Svip,76561199026167724,作弊封禁,2020-03-12,Inf,6,5,25,None,None,None
sakhozf7657249,Vip,76561199025743465,作弊封禁,2020-03-12,Inf,11,None,None,AK47,0.53,inferno
凯里欧文运球无解,None,76561199021987473,作弊封禁,2020-03-12,Inf,19,None,None,AK47,0.51,None
提手旁两个土,None,76561199031106524,作弊封禁,2020-03-12,Inf,2,None,None,M4A4,0.33,None
白食,Vip,76561199031926944,作弊封禁,2020-03-12,Inf,0,None,None,None,None,None
终是扛下了所有,Vip,76561199026217584,作弊封禁,2020-03-12,Inf,4,None,None,Galil,0.30,dust2
爆头精英i,None,76561199031837761,作弊封禁,2020-03-12,Inf,2,None,None,AK47,0.48,None
黑老大老黑,None,76561198306924984,作弊封禁,2020-03-12,Inf,0,None,None,None,None,None
大野兔,None,76561198085703974,作弊封禁,2020-03-12,Inf,15,None,None,AWP,0.11,mirage
无限乐事薯片,None,76561198882388596,作弊封禁,2020-03-12,Inf,3,None,None,None,None,None
DNMD_XX,Svip,76561198421740591,作弊封禁,2020-03-12,Inf,8,213,18,None,None,None
xiaojingxian6,Vip,76561199004235171,作弊封禁,2020-03-12,Inf,22,None,None,AK47,0.48,inferno
心态炸裂别怪我,None,76561199031370781,作弊封禁,2020-03-12,Inf,11,None,None,M4A4,0.49,None
我真的只是枪法好,None,76561199031872436,作弊封禁,2020-03-12,Inf,2,None,None,None,None,None
鬼灯满月丶,None,76561199031813854,作弊封禁,2020-03-12,Inf,4,None,None,None,None,None
苏卡不列茄子,None,76561199025620528,作弊封禁,2020-03-12,Inf,10,None,None,SG 553,0.47,None
BzNdZrw,None,76561199030997882,作弊封禁,2020-03-12,Inf,0,None,None,None,None,None
su11740dai25185,None,76561199030489146,作弊封禁,2020-03-12,Inf,1,None,None,None,None,None
shulunkeng19740515,None,76561199029921693,作弊封禁,2020-03-12,Inf,1,None,None,AK47,0.26,None
番茄味香嫩牛腩,None,76561199030858264,作弊封禁,2020-03-12,Inf,12,None,None,AK47,0.31,None
嗨喽十三哈,None,76561199030419189,作弊封禁,2020-03-12,Inf,0,None,None,None,None,None
执行正义-大拐,Vip,76561199031660433,作弊封禁,2020-03-12,Inf,8,None,None,M4A4,0.67,None
cytxdy,Vip,76561198977126131,作弊封禁,2020-03-12,Inf,4,None,None,Mac 10,0.38,inferno
501Timberners-lee,Svip,76561198885269265,作弊封禁,2020-03-12,Inf,16,204,182,None,None,None
樱岛麻衣_Y,None,76561199029936313,作弊封禁,2020-03-12,Inf,1,None,None,SG 553,0.14,None
sk763yz,None,76561199027582606,作弊封禁,2020-03-12,Inf,1,None,None,AK47,0.50,None
风雪庙神仙台魏晋,None,76561198355519437,作弊封禁,2020-03-12,Inf,8,None,None,Galil,0.22,dust2
Soraz,None,76561198407311940,作弊封禁,2020-03-12,Inf,0,None,None,None,None,None
douyu_99991,Vip,76561199032758639,作弊封禁,2020-03-12,Inf,3,None,None,M4A1 Silencer On,0.51,None
菜无所谓莽就完事,None,76561198949577169,作弊封禁,2020-03-12,Inf,4,None,None,AK47,0.37,dust2
一群小菜菜,None,76561199017100672,作弊封禁,2020-03-12,Inf,3,None,None,SG 553,0.48,None
